Policy Type Name,a_group,Policyholder'S_Gender,Termination  Reason,merge_reason_code,Type,Details,Termination Reason  Count
Annuity(Annuity Certain ),18-22,1,G21,G21,Surrender ,Surrender,62
Annuity(Annuity Certain ),18-22,1,G22,G22,Surrender ,Surrender after lapse,19
Annuity(Annuity Certain ),18-22,1,G23,G23,Surrender ,Surrender after lapse on the policy cause,2
Annuity(Annuity Certain ),18-22,2,G21,G21,Surrender ,Surrender,58
Annuity(Annuity Certain ),18-22,2,G22,G22,Surrender ,Surrender after lapse,8
Annuity(Annuity Certain ),18-22,2,G23,G23,Surrender ,Surrender after lapse on the policy cause,1
Annuity(Annuity Certain ),23-30,1,G21,G21,Surrender ,Surrender,860
Annuity(Annuity Certain ),23-30,1,G22,G22,Surrender ,Surrender after lapse,129
Annuity(Annuity Certain ),23-30,1,G23,G23,Surrender ,Surrender after lapse on the policy cause,18
Annuity(Annuity Certain ),23-30,2,G21,G21,Surrender ,Surrender,743
Annuity(Annuity Certain ),23-30,2,G22,G22,Surrender ,Surrender after lapse,77
Annuity(Annuity Certain ),23-30,2,G23,G23,Surrender ,Surrender after lapse on the policy cause,24
Annuity(Annuity Certain ),31-40,1,G21,G21,Surrender ,Surrender,1848
Annuity(Annuity Certain ),31-40,1,G22,G22,Surrender ,Surrender after lapse,253
Annuity(Annuity Certain ),31-40,1,G23,G23,Surrender ,Surrender after lapse on the policy cause,44
Annuity(Annuity Certain ),31-40,1,G25,G25,Surrender ,Surrender of consent,1
Annuity(Annuity Certain ),31-40,2,G21,G21,Surrender ,Surrender,1433
Annuity(Annuity Certain ),31-40,2,G22,G22,Surrender ,Surrender after lapse,144
Annuity(Annuity Certain ),31-40,2,G23,G23,Surrender ,Surrender after lapse on the policy cause,31
Annuity(Annuity Certain ),41-50,1,G21,G21,Surrender ,Surrender,1536
Annuity(Annuity Certain ),41-50,1,G22,G22,Surrender ,Surrender after lapse,196
Annuity(Annuity Certain ),41-50,1,G23,G23,Surrender ,Surrender after lapse on the policy cause,41
Annuity(Annuity Certain ),41-50,2,G21,G21,Surrender ,Surrender,1261
Annuity(Annuity Certain ),41-50,2,G22,G22,Surrender ,Surrender after lapse,158
Annuity(Annuity Certain ),41-50,2,G23,G23,Surrender ,Surrender after lapse on the policy cause,19
Annuity(Annuity Certain ),51-60,1,G21,G21,Surrender ,Surrender,1006
Annuity(Annuity Certain ),51-60,1,G22,G22,Surrender ,Surrender after lapse,98
Annuity(Annuity Certain ),51-60,1,G23,G23,Surrender ,Surrender after lapse on the policy cause,24
Annuity(Annuity Certain ),51-60,2,G21,G21,Surrender ,Surrender,973
Annuity(Annuity Certain ),51-60,2,G22,G22,Surrender ,Surrender after lapse,66
Annuity(Annuity Certain ),51-60,2,G23,G23,Surrender ,Surrender after lapse on the policy cause,16
Annuity(Annuity Certain ),61-64,1,G21,G21,Surrender ,Surrender,160
Annuity(Annuity Certain ),61-64,1,G22,G22,Surrender ,Surrender after lapse,16
Annuity(Annuity Certain ),61-64,1,G23,G23,Surrender ,Surrender after lapse on the policy cause,6
Annuity(Annuity Certain ),61-64,2,G21,G21,Surrender ,Surrender,149
Annuity(Annuity Certain ),61-64,2,G22,G22,Surrender ,Surrender after lapse,16
Annuity(Annuity Certain ),61-64,2,G23,G23,Surrender ,Surrender after lapse on the policy cause,4
Annuity(Annuity Certain ),greater than 64,1,G21,G21,Surrender ,Surrender,130
Annuity(Annuity Certain ),greater than 64,1,G22,G22,Surrender ,Surrender after lapse,15
Annuity(Annuity Certain ),greater than 64,1,G23,G23,Surrender ,Surrender after lapse on the policy cause,1
Annuity(Annuity Certain ),greater than 64,2,G21,G21,Surrender ,Surrender,129
Annuity(Annuity Certain ),greater than 64,2,G22,G22,Surrender ,Surrender after lapse,11
Annuity(Whole Life Annuity With Guaranteed Installment ),18-22,1,G21,G21,Surrender ,Surrender,5
Annuity(Whole Life Annuity With Guaranteed Installment ),18-22,2,G21,G21,Surrender ,Surrender,4
Annuity(Whole Life Annuity With Guaranteed Installment ),23-30,1,G21,G21,Surrender ,Surrender,22
Annuity(Whole Life Annuity With Guaranteed Installment ),23-30,1,G22,G22,Surrender ,Surrender after lapse,2
Annuity(Whole Life Annuity With Guaranteed Installment ),23-30,1,G23,G23,Surrender ,Surrender after lapse on the policy cause,4
Annuity(Whole Life Annuity With Guaranteed Installment ),23-30,2,G21,G21,Surrender ,Surrender,17
Annuity(Whole Life Annuity With Guaranteed Installment ),23-30,2,G22,G22,Surrender ,Surrender after lapse,2
Annuity(Whole Life Annuity With Guaranteed Installment ),31-40,1,G21,G21,Surrender ,Surrender,57
Annuity(Whole Life Annuity With Guaranteed Installment ),31-40,1,G22,G22,Surrender ,Surrender after lapse,9
Annuity(Whole Life Annuity With Guaranteed Installment ),31-40,2,G21,G21,Surrender ,Surrender,32
Annuity(Whole Life Annuity With Guaranteed Installment ),31-40,2,G22,G22,Surrender ,Surrender after lapse,4
Annuity(Whole Life Annuity With Guaranteed Installment ),41-50,1,G21,G21,Surrender ,Surrender,34
Annuity(Whole Life Annuity With Guaranteed Installment ),41-50,1,G22,G22,Surrender ,Surrender after lapse,7
Annuity(Whole Life Annuity With Guaranteed Installment ),41-50,1,G23,G23,Surrender ,Surrender after lapse on the policy cause,1
Annuity(Whole Life Annuity With Guaranteed Installment ),41-50,2,G21,G21,Surrender ,Surrender,38
Annuity(Whole Life Annuity With Guaranteed Installment ),41-50,2,G22,G22,Surrender ,Surrender after lapse,2
Annuity(Whole Life Annuity With Guaranteed Installment ),51-60,1,G21,G21,Surrender ,Surrender,27
Annuity(Whole Life Annuity With Guaranteed Installment ),51-60,1,G22,G22,Surrender ,Surrender after lapse,1
Annuity(Whole Life Annuity With Guaranteed Installment ),51-60,2,G21,G21,Surrender ,Surrender,22
Annuity(Whole Life Annuity With Guaranteed Installment ),51-60,2,G22,G22,Surrender ,Surrender after lapse,2
Annuity(Whole Life Annuity With Guaranteed Installment ),61-64,1,G21,G21,Surrender ,Surrender,7
Annuity(Whole Life Annuity With Guaranteed Installment ),61-64,2,G21,G21,Surrender ,Surrender,4
Annuity(Whole Life Annuity With Guaranteed Installment ),greater than 64,1,G21,G21,Surrender ,Surrender,5
Annuity(Whole Life Annuity With Guaranteed Installment ),greater than 64,2,G21,G21,Surrender ,Surrender,5
Cancer,18-22,1,G21,G21,Surrender ,Surrender,1773
Cancer,18-22,1,G22,G22,Surrender ,Surrender after lapse,185
Cancer,18-22,1,G23,G23,Surrender ,Surrender after lapse on the policy cause,21
Cancer,18-22,1,G25,G25,Surrender ,Surrender of consent,1
Cancer,18-22,2,G21,G21,Surrender ,Surrender,1395
Cancer,18-22,2,G22,G22,Surrender ,Surrender after lapse,127
Cancer,18-22,2,G23,G23,Surrender ,Surrender after lapse on the policy cause,17
Cancer,23-30,1,G21,G21,Surrender ,Surrender,25985
Cancer,23-30,1,G22,G22,Surrender ,Surrender after lapse,3469
Cancer,23-30,1,G23,G23,Surrender ,Surrender after lapse on the policy cause,328
Cancer,23-30,1,G25,G25,Surrender ,Surrender of consent,1
Cancer,23-30,2,G21,G21,Surrender ,Surrender,13155
Cancer,23-30,2,G22,G22,Surrender ,Surrender after lapse,1354
Cancer,23-30,2,G23,G23,Surrender ,Surrender after lapse on the policy cause,180
Cancer,23-30,2,G25,G25,Surrender ,Surrender of consent,1
Cancer,31-40,1,G21,G21,Surrender ,Surrender,42399
Cancer,31-40,1,G22,G22,Surrender ,Surrender after lapse,8164
Cancer,31-40,1,G23,G23,Surrender ,Surrender after lapse on the policy cause,411
Cancer,31-40,1,G24,G24,Surrender ,Surrender by conversion,2
Cancer,31-40,1,G25,G25,Surrender ,Surrender of consent,4
Cancer,31-40,2,G21,G21,Surrender ,Surrender,17738
Cancer,31-40,2,G22,G22,Surrender ,Surrender after lapse,3342
Cancer,31-40,2,G23,G23,Surrender ,Surrender after lapse on the policy cause,230
Cancer,31-40,2,G24,G24,Surrender ,Surrender by conversion,1
Cancer,31-40,2,G25,G25,Surrender ,Surrender of consent,3
Cancer,41-50,0,G21,G21,Surrender ,Surrender,1
Cancer,41-50,1,G21,G21,Surrender ,Surrender,36584
Cancer,41-50,1,G22,G22,Surrender ,Surrender after lapse,8222
Cancer,41-50,1,G23,G23,Surrender ,Surrender after lapse on the policy cause,424
Cancer,41-50,1,G24,G24,Surrender ,Surrender by conversion,1
Cancer,41-50,1,G25,G25,Surrender ,Surrender of consent,13
Cancer,41-50,2,G21,G21,Surrender ,Surrender,14564
Cancer,41-50,2,G22,G22,Surrender ,Surrender after lapse,3289
Cancer,41-50,2,G23,G23,Surrender ,Surrender after lapse on the policy cause,214
Cancer,41-50,2,G24,G24,Surrender ,Surrender by conversion,5
Cancer,41-50,2,G25,G25,Surrender ,Surrender of consent,2
Cancer,41-50,3,G21,G21,Surrender ,Surrender,1
Cancer,51-60,0,G21,G21,Surrender ,Surrender,1
Cancer,51-60,1,G21,G21,Surrender ,Surrender,33736
Cancer,51-60,1,G22,G22,Surrender ,Surrender after lapse,7549
Cancer,51-60,1,G23,G23,Surrender ,Surrender after lapse on the policy cause,461
Cancer,51-60,1,G24,G24,Surrender ,Surrender by conversion,3
Cancer,51-60,1,G25,G25,Surrender ,Surrender of consent,14
Cancer,51-60,1,G26,G26,Surrender ,Retirement surrender,1
Cancer,51-60,2,G21,G21,Surrender ,Surrender,15327
Cancer,51-60,2,G22,G22,Surrender ,Surrender after lapse,3085
Cancer,51-60,2,G23,G23,Surrender ,Surrender after lapse on the policy cause,207
Cancer,51-60,2,G24,G24,Surrender ,Surrender by conversion,1
Cancer,51-60,2,G25,G25,Surrender ,Surrender of consent,6
Cancer,61-64,1,G21,G21,Surrender ,Surrender,7815
Cancer,61-64,1,G22,G22,Surrender ,Surrender after lapse,1984
Cancer,61-64,1,G23,G23,Surrender ,Surrender after lapse on the policy cause,116
Cancer,61-64,1,G24,G24,Surrender ,Surrender by conversion,2
Cancer,61-64,1,G25,G25,Surrender ,Surrender of consent,1
Cancer,61-64,2,G21,G21,Surrender ,Surrender,4285
Cancer,61-64,2,G22,G22,Surrender ,Surrender after lapse,832
Cancer,61-64,2,G23,G23,Surrender ,Surrender after lapse on the policy cause,56
Cancer,61-64,2,G25,G25,Surrender ,Surrender of consent,1
Cancer,greater than 64,0,G21,G21,Surrender ,Surrender,1
Cancer,greater than 64,0,G22,G22,Surrender ,Surrender after lapse,2
Cancer,greater than 64,1,G21,G21,Surrender ,Surrender,10043
Cancer,greater than 64,1,G22,G22,Surrender ,Surrender after lapse,2387
Cancer,greater than 64,1,G23,G23,Surrender ,Surrender after lapse on the policy cause,108
Cancer,greater than 64,1,G24,G24,Surrender ,Surrender by conversion,3
Cancer,greater than 64,2,G21,G21,Surrender ,Surrender,6911
Cancer,greater than 64,2,G22,G22,Surrender ,Surrender after lapse,1334
Cancer,greater than 64,2,G23,G23,Surrender ,Surrender after lapse on the policy cause,109
Cancer,greater than 64,2,G24,G24,Surrender ,Surrender by conversion,3
Cancer,greater than 64,2,G25,G25,Surrender ,Surrender of consent,1
Cancer,greater than 64,2,G26,G26,Surrender ,Retirement surrender,1
Dread Disease T.L.,18-22,1,G21,G21,Surrender ,Surrender,9
Dread Disease T.L.,18-22,1,G22,G22,Surrender ,Surrender after lapse,1
Dread Disease T.L.,18-22,1,G23,G23,Surrender ,Surrender after lapse on the policy cause,1
Dread Disease T.L.,18-22,2,G21,G21,Surrender ,Surrender,10
Dread Disease T.L.,18-22,2,G22,G22,Surrender ,Surrender after lapse,3
Dread Disease T.L.,23-30,1,G21,G21,Surrender ,Surrender,238
Dread Disease T.L.,23-30,1,G22,G22,Surrender ,Surrender after lapse,52
Dread Disease T.L.,23-30,1,G23,G23,Surrender ,Surrender after lapse on the policy cause,4
Dread Disease T.L.,23-30,2,G21,G21,Surrender ,Surrender,135
Dread Disease T.L.,23-30,2,G22,G22,Surrender ,Surrender after lapse,32
Dread Disease T.L.,23-30,2,G23,G23,Surrender ,Surrender after lapse on the policy cause,4
Dread Disease T.L.,23-30,2,G24,G24,Surrender ,Surrender by conversion,1
Dread Disease T.L.,31-40,1,G21,G21,Surrender ,Surrender,783
Dread Disease T.L.,31-40,1,G22,G22,Surrender ,Surrender after lapse,213
Dread Disease T.L.,31-40,1,G23,G23,Surrender ,Surrender after lapse on the policy cause,15
Dread Disease T.L.,31-40,1,G24,G24,Surrender ,Surrender by conversion,4
Dread Disease T.L.,31-40,2,G21,G21,Surrender ,Surrender,375
Dread Disease T.L.,31-40,2,G22,G22,Surrender ,Surrender after lapse,88
Dread Disease T.L.,31-40,2,G23,G23,Surrender ,Surrender after lapse on the policy cause,7
Dread Disease T.L.,31-40,2,G24,G24,Surrender ,Surrender by conversion,6
Dread Disease T.L.,41-50,1,G21,G21,Surrender ,Surrender,726
Dread Disease T.L.,41-50,1,G22,G22,Surrender ,Surrender after lapse,282
Dread Disease T.L.,41-50,1,G23,G23,Surrender ,Surrender after lapse on the policy cause,18
Dread Disease T.L.,41-50,1,G24,G24,Surrender ,Surrender by conversion,7
Dread Disease T.L.,41-50,1,G25,G25,Surrender ,Surrender of consent,1
Dread Disease T.L.,41-50,2,G21,G21,Surrender ,Surrender,320
Dread Disease T.L.,41-50,2,G22,G22,Surrender ,Surrender after lapse,114
Dread Disease T.L.,41-50,2,G23,G23,Surrender ,Surrender after lapse on the policy cause,6
Dread Disease T.L.,41-50,2,G24,G24,Surrender ,Surrender by conversion,2
Dread Disease T.L.,41-50,3,G21,G21,Surrender ,Surrender,1
Dread Disease T.L.,51-60,1,G21,G21,Surrender ,Surrender,426
Dread Disease T.L.,51-60,1,G22,G22,Surrender ,Surrender after lapse,182
Dread Disease T.L.,51-60,1,G23,G23,Surrender ,Surrender after lapse on the policy cause,16
Dread Disease T.L.,51-60,1,G24,G24,Surrender ,Surrender by conversion,8
Dread Disease T.L.,51-60,2,G21,G21,Surrender ,Surrender,262
Dread Disease T.L.,51-60,2,G22,G22,Surrender ,Surrender after lapse,104
Dread Disease T.L.,51-60,2,G23,G23,Surrender ,Surrender after lapse on the policy cause,7
Dread Disease T.L.,51-60,2,G24,G24,Surrender ,Surrender by conversion,3
Dread Disease T.L.,61-64,1,G21,G21,Surrender ,Surrender,95
Dread Disease T.L.,61-64,1,G22,G22,Surrender ,Surrender after lapse,29
Dread Disease T.L.,61-64,1,G23,G23,Surrender ,Surrender after lapse on the policy cause,1
Dread Disease T.L.,61-64,1,G24,G24,Surrender ,Surrender by conversion,1
Dread Disease T.L.,61-64,2,G21,G21,Surrender ,Surrender,91
Dread Disease T.L.,61-64,2,G22,G22,Surrender ,Surrender after lapse,13
Dread Disease T.L.,61-64,2,G23,G23,Surrender ,Surrender after lapse on the policy cause,1
Dread Disease T.L.,61-64,2,G24,G24,Surrender ,Surrender by conversion,2
Dread Disease T.L.,greater than 64,1,G21,G21,Surrender ,Surrender,71
Dread Disease T.L.,greater than 64,1,G22,G22,Surrender ,Surrender after lapse,24
Dread Disease T.L.,greater than 64,1,G23,G23,Surrender ,Surrender after lapse on the policy cause,1
Dread Disease T.L.,greater than 64,1,G24,G24,Surrender ,Surrender by conversion,1
Dread Disease T.L.,greater than 64,2,G21,G21,Surrender ,Surrender,62
Dread Disease T.L.,greater than 64,2,G22,G22,Surrender ,Surrender after lapse,10
Dread Disease T.L.,greater than 64,2,G23,G23,Surrender ,Surrender after lapse on the policy cause,3
Dread Disease T.L.,greater than 64,2,G24,G24,Surrender ,Surrender by conversion,4
Dread Disease W.L.,18-22,1,G21,G21,Surrender ,Surrender,189
Dread Disease W.L.,18-22,1,G22,G22,Surrender ,Surrender after lapse,49
Dread Disease W.L.,18-22,1,G23,G23,Surrender ,Surrender after lapse on the policy cause,5
Dread Disease W.L.,18-22,2,G21,G21,Surrender ,Surrender,155
Dread Disease W.L.,18-22,2,G22,G22,Surrender ,Surrender after lapse,28
Dread Disease W.L.,18-22,2,G23,G23,Surrender ,Surrender after lapse on the policy cause,8
Dread Disease W.L.,23-30,1,G21,G21,Surrender ,Surrender,2439
Dread Disease W.L.,23-30,1,G22,G22,Surrender ,Surrender after lapse,477
Dread Disease W.L.,23-30,1,G23,G23,Surrender ,Surrender after lapse on the policy cause,50
Dread Disease W.L.,23-30,2,G21,G21,Surrender ,Surrender,1606
Dread Disease W.L.,23-30,2,G22,G22,Surrender ,Surrender after lapse,252
Dread Disease W.L.,23-30,2,G23,G23,Surrender ,Surrender after lapse on the policy cause,38
Dread Disease W.L.,31-40,1,G21,G21,Surrender ,Surrender,4993
Dread Disease W.L.,31-40,1,G22,G22,Surrender ,Surrender after lapse,913
Dread Disease W.L.,31-40,1,G23,G23,Surrender ,Surrender after lapse on the policy cause,110
Dread Disease W.L.,31-40,1,G24,G24,Surrender ,Surrender by conversion,2
Dread Disease W.L.,31-40,1,G25,G25,Surrender ,Surrender of consent,1
Dread Disease W.L.,31-40,2,G21,G21,Surrender ,Surrender,2817
Dread Disease W.L.,31-40,2,G22,G22,Surrender ,Surrender after lapse,385
Dread Disease W.L.,31-40,2,G23,G23,Surrender ,Surrender after lapse on the policy cause,54
Dread Disease W.L.,31-40,2,G24,G24,Surrender ,Surrender by conversion,1
Dread Disease W.L.,31-40,2,G25,G25,Surrender ,Surrender of consent,1
Dread Disease W.L.,41-50,1,G21,G21,Surrender ,Surrender,2919
Dread Disease W.L.,41-50,1,G22,G22,Surrender ,Surrender after lapse,680
Dread Disease W.L.,41-50,1,G23,G23,Surrender ,Surrender after lapse on the policy cause,54
Dread Disease W.L.,41-50,2,G21,G21,Surrender ,Surrender,1753
Dread Disease W.L.,41-50,2,G22,G22,Surrender ,Surrender after lapse,336
Dread Disease W.L.,41-50,2,G23,G23,Surrender ,Surrender after lapse on the policy cause,30
Dread Disease W.L.,41-50,2,G24,G24,Surrender ,Surrender by conversion,1
Dread Disease W.L.,51-60,1,G21,G21,Surrender ,Surrender,2011
Dread Disease W.L.,51-60,1,G22,G22,Surrender ,Surrender after lapse,406
Dread Disease W.L.,51-60,1,G23,G23,Surrender ,Surrender after lapse on the policy cause,38
Dread Disease W.L.,51-60,1,G24,G24,Surrender ,Surrender by conversion,3
Dread Disease W.L.,51-60,1,G25,G25,Surrender ,Surrender of consent,1
Dread Disease W.L.,51-60,2,G21,G21,Surrender ,Surrender,1469
Dread Disease W.L.,51-60,2,G22,G22,Surrender ,Surrender after lapse,242
Dread Disease W.L.,51-60,2,G23,G23,Surrender ,Surrender after lapse on the policy cause,24
Dread Disease W.L.,51-60,2,G24,G24,Surrender ,Surrender by conversion,1
Dread Disease W.L.,61-64,1,G21,G21,Surrender ,Surrender,382
Dread Disease W.L.,61-64,1,G22,G22,Surrender ,Surrender after lapse,68
Dread Disease W.L.,61-64,1,G23,G23,Surrender ,Surrender after lapse on the policy cause,12
Dread Disease W.L.,61-64,1,G24,G24,Surrender ,Surrender by conversion,1
Dread Disease W.L.,61-64,2,G21,G21,Surrender ,Surrender,327
Dread Disease W.L.,61-64,2,G22,G22,Surrender ,Surrender after lapse,38
Dread Disease W.L.,61-64,2,G23,G23,Surrender ,Surrender after lapse on the policy cause,4
Dread Disease W.L.,greater than 64,1,G21,G21,Surrender ,Surrender,369
Dread Disease W.L.,greater than 64,1,G22,G22,Surrender ,Surrender after lapse,65
Dread Disease W.L.,greater than 64,1,G23,G23,Surrender ,Surrender after lapse on the policy cause,7
Dread Disease W.L.,greater than 64,2,G21,G21,Surrender ,Surrender,378
Dread Disease W.L.,greater than 64,2,G22,G22,Surrender ,Surrender after lapse,49
Dread Disease W.L.,greater than 64,2,G23,G23,Surrender ,Surrender after lapse on the policy cause,3
Endowment,18-22,1,G21,G21,Surrender ,Surrender,72
Endowment,18-22,1,G22,G22,Surrender ,Surrender after lapse,17
Endowment,18-22,1,G23,G23,Surrender ,Surrender after lapse on the policy cause,2
Endowment,18-22,2,G21,G21,Surrender ,Surrender,82
Endowment,18-22,2,G22,G22,Surrender ,Surrender after lapse,10
Endowment,18-22,2,G23,G23,Surrender ,Surrender after lapse on the policy cause,2
Endowment,23-30,1,G21,G21,Surrender ,Surrender,547
Endowment,23-30,1,G22,G22,Surrender ,Surrender after lapse,46
Endowment,23-30,1,G23,G23,Surrender ,Surrender after lapse on the policy cause,7
Endowment,23-30,1,G25,G25,Surrender ,Surrender of consent,1
Endowment,23-30,2,G21,G21,Surrender ,Surrender,613
Endowment,23-30,2,G22,G22,Surrender ,Surrender after lapse,29
Endowment,23-30,2,G23,G23,Surrender ,Surrender after lapse on the policy cause,8
Endowment,31-40,1,G21,G21,Surrender ,Surrender,1254
Endowment,31-40,1,G22,G22,Surrender ,Surrender after lapse,105
Endowment,31-40,1,G23,G23,Surrender ,Surrender after lapse on the policy cause,16
Endowment,31-40,1,G25,G25,Surrender ,Surrender of consent,1
Endowment,31-40,2,G21,G21,Surrender ,Surrender,961
Endowment,31-40,2,G22,G22,Surrender ,Surrender after lapse,73
Endowment,31-40,2,G23,G23,Surrender ,Surrender after lapse on the policy cause,9
Endowment,31-40,2,G25,G25,Surrender ,Surrender of consent,1
Endowment,31-40,3,G21,G21,Surrender ,Surrender,1
Endowment,41-50,1,G21,G21,Surrender ,Surrender,1904
Endowment,41-50,1,G22,G22,Surrender ,Surrender after lapse,99
Endowment,41-50,1,G23,G23,Surrender ,Surrender after lapse on the policy cause,20
Endowment,41-50,1,G25,G25,Surrender ,Surrender of consent,1
Endowment,41-50,1,G26,G26,Surrender ,Retirement surrender,3
Endowment,41-50,2,G21,G21,Surrender ,Surrender,1129
Endowment,41-50,2,G22,G22,Surrender ,Surrender after lapse,69
Endowment,41-50,2,G23,G23,Surrender ,Surrender after lapse on the policy cause,4
Endowment,51-60,1,G21,G21,Surrender ,Surrender,1921
Endowment,51-60,1,G22,G22,Surrender ,Surrender after lapse,96
Endowment,51-60,1,G23,G23,Surrender ,Surrender after lapse on the policy cause,8
Endowment,51-60,1,G25,G25,Surrender ,Surrender of consent,1
Endowment,51-60,1,G26,G26,Surrender ,Retirement surrender,1
Endowment,51-60,2,G21,G21,Surrender ,Surrender,806
Endowment,51-60,2,G22,G22,Surrender ,Surrender after lapse,67
Endowment,51-60,2,G23,G23,Surrender ,Surrender after lapse on the policy cause,4
Endowment,51-60,2,G25,G25,Surrender ,Surrender of consent,1
Endowment,51-60,3,G21,G21,Surrender ,Surrender,7
Endowment,61-64,1,G21,G21,Surrender ,Surrender,555
Endowment,61-64,1,G22,G22,Surrender ,Surrender after lapse,18
Endowment,61-64,1,G23,G23,Surrender ,Surrender after lapse on the policy cause,1
Endowment,61-64,2,G21,G21,Surrender ,Surrender,248
Endowment,61-64,2,G22,G22,Surrender ,Surrender after lapse,18
Endowment,61-64,2,G23,G23,Surrender ,Surrender after lapse on the policy cause,1
Endowment,greater than 64,1,G21,G21,Surrender ,Surrender,930
Endowment,greater than 64,1,G22,G22,Surrender ,Surrender after lapse,26
Endowment,greater than 64,1,G23,G23,Surrender ,Surrender after lapse on the policy cause,5
Endowment,greater than 64,2,G21,G21,Surrender ,Surrender,451
Endowment,greater than 64,2,G22,G22,Surrender ,Surrender after lapse,13
Endowment,greater than 64,2,G23,G23,Surrender ,Surrender after lapse on the policy cause,3
Female Disease,18-22,1,G21,G21,Surrender ,Surrender,1
Female Disease,18-22,1,G22,G22,Surrender ,Surrender after lapse,2
Female Disease,18-22,2,G21,G21,Surrender ,Surrender,445
Female Disease,18-22,2,G22,G22,Surrender ,Surrender after lapse,82
Female Disease,18-22,2,G23,G23,Surrender ,Surrender after lapse on the policy cause,3
Female Disease,18-22,2,G25,G25,Surrender ,Surrender of consent,1
Female Disease,23-30,1,G21,G21,Surrender ,Surrender,243
Female Disease,23-30,1,G22,G22,Surrender ,Surrender after lapse,24
Female Disease,23-30,1,G23,G23,Surrender ,Surrender after lapse on the policy cause,4
Female Disease,23-30,2,G21,G21,Surrender ,Surrender,6844
Female Disease,23-30,2,G22,G22,Surrender ,Surrender after lapse,837
Female Disease,23-30,2,G23,G23,Surrender ,Surrender after lapse on the policy cause,80
Female Disease,23-30,2,G25,G25,Surrender ,Surrender of consent,6
Female Disease,31-40,1,G21,G21,Surrender ,Surrender,1061
Female Disease,31-40,1,G22,G22,Surrender ,Surrender after lapse,140
Female Disease,31-40,1,G23,G23,Surrender ,Surrender after lapse on the policy cause,11
Female Disease,31-40,2,G21,G21,Surrender ,Surrender,10905
Female Disease,31-40,2,G22,G22,Surrender ,Surrender after lapse,1914
Female Disease,31-40,2,G23,G23,Surrender ,Surrender after lapse on the policy cause,126
Female Disease,31-40,2,G24,G24,Surrender ,Surrender by conversion,5
Female Disease,31-40,2,G25,G25,Surrender ,Surrender of consent,12
Female Disease,41-50,1,G21,G21,Surrender ,Surrender,1101
Female Disease,41-50,1,G22,G22,Surrender ,Surrender after lapse,164
Female Disease,41-50,1,G23,G23,Surrender ,Surrender after lapse on the policy cause,5
Female Disease,41-50,1,G24,G24,Surrender ,Surrender by conversion,1
Female Disease,41-50,1,G25,G25,Surrender ,Surrender of consent,1
Female Disease,41-50,2,G21,G21,Surrender ,Surrender,5855
Female Disease,41-50,2,G22,G22,Surrender ,Surrender after lapse,1380
Female Disease,41-50,2,G23,G23,Surrender ,Surrender after lapse on the policy cause,68
Female Disease,41-50,2,G24,G24,Surrender ,Surrender by conversion,6
Female Disease,41-50,2,G25,G25,Surrender ,Surrender of consent,6
Female Disease,51-60,1,G21,G21,Surrender ,Surrender,1119
Female Disease,51-60,1,G22,G22,Surrender ,Surrender after lapse,175
Female Disease,51-60,1,G23,G23,Surrender ,Surrender after lapse on the policy cause,15
Female Disease,51-60,1,G24,G24,Surrender ,Surrender by conversion,2
Female Disease,51-60,1,G25,G25,Surrender ,Surrender of consent,1
Female Disease,51-60,2,G21,G21,Surrender ,Surrender,3199
Female Disease,51-60,2,G22,G22,Surrender ,Surrender after lapse,699
Female Disease,51-60,2,G23,G23,Surrender ,Surrender after lapse on the policy cause,35
Female Disease,51-60,2,G24,G24,Surrender ,Surrender by conversion,8
Female Disease,51-60,2,G25,G25,Surrender ,Surrender of consent,3
Female Disease,61-64,1,G21,G21,Surrender ,Surrender,194
Female Disease,61-64,1,G22,G22,Surrender ,Surrender after lapse,51
Female Disease,61-64,1,G23,G23,Surrender ,Surrender after lapse on the policy cause,1
Female Disease,61-64,2,G21,G21,Surrender ,Surrender,633
Female Disease,61-64,2,G22,G22,Surrender ,Surrender after lapse,135
Female Disease,61-64,2,G23,G23,Surrender ,Surrender after lapse on the policy cause,9
Female Disease,61-64,2,G24,G24,Surrender ,Surrender by conversion,2
Female Disease,61-64,2,G25,G25,Surrender ,Surrender of consent,1
Female Disease,greater than 64,1,G21,G21,Surrender ,Surrender,240
Female Disease,greater than 64,1,G22,G22,Surrender ,Surrender after lapse,36
Female Disease,greater than 64,1,G23,G23,Surrender ,Surrender after lapse on the policy cause,5
Female Disease,greater than 64,1,G24,G24,Surrender ,Surrender by conversion,1
Female Disease,greater than 64,1,G25,G25,Surrender ,Surrender of consent,1
Female Disease,greater than 64,2,G21,G21,Surrender ,Surrender,799
Female Disease,greater than 64,2,G22,G22,Surrender ,Surrender after lapse,117
Female Disease,greater than 64,2,G23,G23,Surrender ,Surrender after lapse on the policy cause,12
Female Disease,greater than 64,2,G24,G24,Surrender ,Surrender by conversion,7
Inc. Dec. Term Life,18-22,1,G24,G24,Surrender ,Surrender by conversion,1
Inc. Dec. Term Life,23-30,1,G21,G21,Surrender ,Surrender,5
Inc. Dec. Term Life,23-30,2,G22,G22,Surrender ,Surrender after lapse,2
Inc. Dec. Term Life,31-40,1,G21,G21,Surrender ,Surrender,24
Inc. Dec. Term Life,31-40,1,G22,G22,Surrender ,Surrender after lapse,2
Inc. Dec. Term Life,31-40,1,G26,G26,Surrender ,Retirement surrender,1
Inc. Dec. Term Life,31-40,2,G21,G21,Surrender ,Surrender,7
Inc. Dec. Term Life,31-40,2,G22,G22,Surrender ,Surrender after lapse,2
Inc. Dec. Term Life,41-50,1,G21,G21,Surrender ,Surrender,52
Inc. Dec. Term Life,41-50,1,G22,G22,Surrender ,Surrender after lapse,6
Inc. Dec. Term Life,41-50,2,G21,G21,Surrender ,Surrender,7
Inc. Dec. Term Life,41-50,2,G22,G22,Surrender ,Surrender after lapse,3
Inc. Dec. Term Life,41-50,3,G21,G21,Surrender ,Surrender,4
Inc. Dec. Term Life,51-60,1,G21,G21,Surrender ,Surrender,113
Inc. Dec. Term Life,51-60,1,G22,G22,Surrender ,Surrender after lapse,7
Inc. Dec. Term Life,51-60,1,G24,G24,Surrender ,Surrender by conversion,3
Inc. Dec. Term Life,51-60,2,G21,G21,Surrender ,Surrender,22
Inc. Dec. Term Life,51-60,2,G22,G22,Surrender ,Surrender after lapse,2
Inc. Dec. Term Life,61-64,1,G21,G21,Surrender ,Surrender,51
Inc. Dec. Term Life,61-64,1,G22,G22,Surrender ,Surrender after lapse,2
Inc. Dec. Term Life,61-64,1,G23,G23,Surrender ,Surrender after lapse on the policy cause,1
Inc. Dec. Term Life,61-64,1,G24,G24,Surrender ,Surrender by conversion,1
Inc. Dec. Term Life,61-64,2,G21,G21,Surrender ,Surrender,10
Inc. Dec. Term Life,61-64,2,G24,G24,Surrender ,Surrender by conversion,1
Inc. Dec. Term Life,greater than 64,1,G21,G21,Surrender ,Surrender,101
Inc. Dec. Term Life,greater than 64,1,G22,G22,Surrender ,Surrender after lapse,5
Inc. Dec. Term Life,greater than 64,1,G24,G24,Surrender ,Surrender by conversion,2
Inc. Dec. Term Life,greater than 64,2,G21,G21,Surrender ,Surrender,9
Inc. Dec. Term Life,greater than 64,2,G24,G24,Surrender ,Surrender by conversion,2
Injury,23-30,1,G21,G21,Surrender ,Surrender,6
Injury,23-30,2,G21,G21,Surrender ,Surrender,1
Injury,31-40,1,G21,G21,Surrender ,Surrender,96
Injury,31-40,1,G22,G22,Surrender ,Surrender after lapse,9
Injury,31-40,1,G23,G23,Surrender ,Surrender after lapse on the policy cause,4
Injury,31-40,1,G26,G26,Surrender ,Retirement surrender,23
Injury,31-40,2,G21,G21,Surrender ,Surrender,9
Injury,41-50,1,G21,G21,Surrender ,Surrender,179
Injury,41-50,1,G22,G22,Surrender ,Surrender after lapse,9
Injury,41-50,1,G23,G23,Surrender ,Surrender after lapse on the policy cause,3
Injury,41-50,1,G26,G26,Surrender ,Retirement surrender,13
Injury,41-50,2,G21,G21,Surrender ,Surrender,21
Injury,41-50,2,G22,G22,Surrender ,Surrender after lapse,1
Injury,51-60,1,G21,G21,Surrender ,Surrender,325
Injury,51-60,1,G22,G22,Surrender ,Surrender after lapse,17
Injury,51-60,1,G23,G23,Surrender ,Surrender after lapse on the policy cause,1
Injury,51-60,1,G26,G26,Surrender ,Retirement surrender,8
Injury,51-60,2,G21,G21,Surrender ,Surrender,14
Injury,51-60,2,G23,G23,Surrender ,Surrender after lapse on the policy cause,1
Injury,61-64,1,G21,G21,Surrender ,Surrender,81
Injury,61-64,1,G22,G22,Surrender ,Surrender after lapse,5
Injury,61-64,1,G26,G26,Surrender ,Retirement surrender,2
Injury,61-64,2,G21,G21,Surrender ,Surrender,2
Injury,greater than 64,1,G21,G21,Surrender ,Surrender,130
Injury,greater than 64,1,G22,G22,Surrender ,Surrender after lapse,7
Injury,greater than 64,1,G23,G23,Surrender ,Surrender after lapse on the policy cause,5
Injury,greater than 64,2,G21,G21,Surrender ,Surrender,12
J.M.I.P,18-22,1,G21,G21,Surrender ,Surrender,1
J.M.I.P,23-30,1,G21,G21,Surrender ,Surrender,5
J.M.I.P,23-30,1,G22,G22,Surrender ,Surrender after lapse,2
J.M.I.P,23-30,2,G21,G21,Surrender ,Surrender,1
J.M.I.P,23-30,2,G23,G23,Surrender ,Surrender after lapse on the policy cause,1
J.M.I.P,31-40,1,G21,G21,Surrender ,Surrender,38
J.M.I.P,31-40,1,G22,G22,Surrender ,Surrender after lapse,7
J.M.I.P,31-40,1,G23,G23,Surrender ,Surrender after lapse on the policy cause,2
J.M.I.P,31-40,2,G21,G21,Surrender ,Surrender,14
J.M.I.P,31-40,2,G22,G22,Surrender ,Surrender after lapse,3
J.M.I.P,31-40,2,G23,G23,Surrender ,Surrender after lapse on the policy cause,1
J.M.I.P,41-50,1,G21,G21,Surrender ,Surrender,68
J.M.I.P,41-50,1,G22,G22,Surrender ,Surrender after lapse,6
J.M.I.P,41-50,1,G23,G23,Surrender ,Surrender after lapse on the policy cause,2
J.M.I.P,41-50,2,G21,G21,Surrender ,Surrender,33
J.M.I.P,41-50,2,G22,G22,Surrender ,Surrender after lapse,3
J.M.I.P,41-50,2,G23,G23,Surrender ,Surrender after lapse on the policy cause,1
J.M.I.P,51-60,1,G21,G21,Surrender ,Surrender,43
J.M.I.P,51-60,1,G22,G22,Surrender ,Surrender after lapse,3
J.M.I.P,51-60,1,G23,G23,Surrender ,Surrender after lapse on the policy cause,1
J.M.I.P,51-60,2,G21,G21,Surrender ,Surrender,37
J.M.I.P,51-60,2,G22,G22,Surrender ,Surrender after lapse,3
J.M.I.P,61-64,1,G21,G21,Surrender ,Surrender,6
J.M.I.P,61-64,1,G22,G22,Surrender ,Surrender after lapse,1
J.M.I.P,61-64,2,G21,G21,Surrender ,Surrender,11
J.M.I.P,61-64,2,G22,G22,Surrender ,Surrender after lapse,1
J.M.I.P,greater than 64,1,G21,G21,Surrender ,Surrender,15
J.M.I.P,greater than 64,2,G21,G21,Surrender ,Surrender,9
Joint life,23-30,1,G21,G21,Surrender ,Surrender,66
Joint life,23-30,1,G22,G22,Surrender ,Surrender after lapse,12
Joint life,23-30,1,G23,G23,Surrender ,Surrender after lapse on the policy cause,1
Joint life,23-30,2,G21,G21,Surrender ,Surrender,6
Joint life,23-30,2,G22,G22,Surrender ,Surrender after lapse,1
Joint life,31-40,1,G21,G21,Surrender ,Surrender,220
Joint life,31-40,1,G22,G22,Surrender ,Surrender after lapse,25
Joint life,31-40,1,G23,G23,Surrender ,Surrender after lapse on the policy cause,4
Joint life,31-40,2,G21,G21,Surrender ,Surrender,17
Joint life,31-40,2,G22,G22,Surrender ,Surrender after lapse,3
Joint life,41-50,1,G21,G21,Surrender ,Surrender,216
Joint life,41-50,1,G22,G22,Surrender ,Surrender after lapse,42
Joint life,41-50,1,G23,G23,Surrender ,Surrender after lapse on the policy cause,6
Joint life,41-50,1,G25,G25,Surrender ,Surrender of consent,1
Joint life,41-50,2,G21,G21,Surrender ,Surrender,42
Joint life,41-50,2,G22,G22,Surrender ,Surrender after lapse,4
Joint life,41-50,2,G23,G23,Surrender ,Surrender after lapse on the policy cause,1
Joint life,51-60,1,G21,G21,Surrender ,Surrender,118
Joint life,51-60,1,G22,G22,Surrender ,Surrender after lapse,26
Joint life,51-60,1,G23,G23,Surrender ,Surrender after lapse on the policy cause,2
Joint life,51-60,2,G21,G21,Surrender ,Surrender,17
Joint life,61-64,1,G21,G21,Surrender ,Surrender,19
Joint life,61-64,1,G22,G22,Surrender ,Surrender after lapse,4
Joint life,61-64,1,G23,G23,Surrender ,Surrender after lapse on the policy cause,1
Joint life,61-64,2,G21,G21,Surrender ,Surrender,2
Joint life,greater than 64,1,G21,G21,Surrender ,Surrender,37
Joint life,greater than 64,1,G22,G22,Surrender ,Surrender after lapse,11
Joint life,greater than 64,2,G21,G21,Surrender ,Surrender,10
Joint life,greater than 64,2,G22,G22,Surrender ,Surrender after lapse,2
Joint life(Flexible),18-22,1,G21,G21,Surrender ,Surrender,22
Joint life(Flexible),18-22,1,G22,G22,Surrender ,Surrender after lapse,1
Joint life(Flexible),18-22,2,G21,G21,Surrender ,Surrender,15
Joint life(Flexible),18-22,2,G22,G22,Surrender ,Surrender after lapse,1
Joint life(Flexible),23-30,1,G21,G21,Surrender ,Surrender,206
Joint life(Flexible),23-30,1,G22,G22,Surrender ,Surrender after lapse,31
Joint life(Flexible),23-30,1,G23,G23,Surrender ,Surrender after lapse on the policy cause,4
Joint life(Flexible),23-30,2,G21,G21,Surrender ,Surrender,45
Joint life(Flexible),23-30,2,G22,G22,Surrender ,Surrender after lapse,9
Joint life(Flexible),23-30,2,G23,G23,Surrender ,Surrender after lapse on the policy cause,2
Joint life(Flexible),31-40,1,G21,G21,Surrender ,Surrender,578
Joint life(Flexible),31-40,1,G22,G22,Surrender ,Surrender after lapse,80
Joint life(Flexible),31-40,1,G23,G23,Surrender ,Surrender after lapse on the policy cause,11
Joint life(Flexible),31-40,2,G21,G21,Surrender ,Surrender,147
Joint life(Flexible),31-40,2,G22,G22,Surrender ,Surrender after lapse,22
Joint life(Flexible),31-40,2,G23,G23,Surrender ,Surrender after lapse on the policy cause,7
Joint life(Flexible),41-50,1,G21,G21,Surrender ,Surrender,537
Joint life(Flexible),41-50,1,G22,G22,Surrender ,Surrender after lapse,78
Joint life(Flexible),41-50,1,G23,G23,Surrender ,Surrender after lapse on the policy cause,11
Joint life(Flexible),41-50,1,G24,G24,Surrender ,Surrender by conversion,4
Joint life(Flexible),41-50,2,G21,G21,Surrender ,Surrender,196
Joint life(Flexible),41-50,2,G22,G22,Surrender ,Surrender after lapse,15
Joint life(Flexible),41-50,2,G23,G23,Surrender ,Surrender after lapse on the policy cause,2
Joint life(Flexible),51-60,1,G21,G21,Surrender ,Surrender,415
Joint life(Flexible),51-60,1,G22,G22,Surrender ,Surrender after lapse,51
Joint life(Flexible),51-60,1,G23,G23,Surrender ,Surrender after lapse on the policy cause,5
Joint life(Flexible),51-60,1,G24,G24,Surrender ,Surrender by conversion,3
Joint life(Flexible),51-60,2,G21,G21,Surrender ,Surrender,246
Joint life(Flexible),51-60,2,G22,G22,Surrender ,Surrender after lapse,15
Joint life(Flexible),51-60,2,G23,G23,Surrender ,Surrender after lapse on the policy cause,7
Joint life(Flexible),61-64,1,G21,G21,Surrender ,Surrender,114
Joint life(Flexible),61-64,1,G22,G22,Surrender ,Surrender after lapse,13
Joint life(Flexible),61-64,1,G23,G23,Surrender ,Surrender after lapse on the policy cause,1
Joint life(Flexible),61-64,2,G21,G21,Surrender ,Surrender,102
Joint life(Flexible),61-64,2,G22,G22,Surrender ,Surrender after lapse,5
Joint life(Flexible),61-64,2,G23,G23,Surrender ,Surrender after lapse on the policy cause,2
Joint life(Flexible),greater than 64,1,G21,G21,Surrender ,Surrender,284
Joint life(Flexible),greater than 64,1,G22,G22,Surrender ,Surrender after lapse,23
Joint life(Flexible),greater than 64,1,G23,G23,Surrender ,Surrender after lapse on the policy cause,5
Joint life(Flexible),greater than 64,2,G21,G21,Surrender ,Surrender,303
Joint life(Flexible),greater than 64,2,G22,G22,Surrender ,Surrender after lapse,16
Joint life(Flexible),greater than 64,2,G23,G23,Surrender ,Surrender after lapse on the policy cause,1
Juvenile,18-22,1,G21,G21,Surrender ,Surrender,58
Juvenile,18-22,1,G22,G22,Surrender ,Surrender after lapse,26
Juvenile,18-22,1,G23,G23,Surrender ,Surrender after lapse on the policy cause,1
Juvenile,18-22,2,G21,G21,Surrender ,Surrender,60
Juvenile,18-22,2,G22,G22,Surrender ,Surrender after lapse,13
Juvenile,18-22,2,G23,G23,Surrender ,Surrender after lapse on the policy cause,5
Juvenile,23-30,1,G21,G21,Surrender ,Surrender,1935
Juvenile,23-30,1,G22,G22,Surrender ,Surrender after lapse,373
Juvenile,23-30,1,G23,G23,Surrender ,Surrender after lapse on the policy cause,44
Juvenile,23-30,1,G25,G25,Surrender ,Surrender of consent,1
Juvenile,23-30,2,G21,G21,Surrender ,Surrender,1009
Juvenile,23-30,2,G22,G22,Surrender ,Surrender after lapse,315
Juvenile,23-30,2,G23,G23,Surrender ,Surrender after lapse on the policy cause,41
Juvenile,23-30,2,G25,G25,Surrender ,Surrender of consent,1
Juvenile,31-40,1,G21,G21,Surrender ,Surrender,6630
Juvenile,31-40,1,G22,G22,Surrender ,Surrender after lapse,1178
Juvenile,31-40,1,G23,G23,Surrender ,Surrender after lapse on the policy cause,164
Juvenile,31-40,1,G25,G25,Surrender ,Surrender of consent,1
Juvenile,31-40,2,G21,G21,Surrender ,Surrender,3025
Juvenile,31-40,2,G22,G22,Surrender ,Surrender after lapse,780
Juvenile,31-40,2,G23,G23,Surrender ,Surrender after lapse on the policy cause,100
Juvenile,31-40,2,G25,G25,Surrender ,Surrender of consent,1
Juvenile,41-50,1,G21,G21,Surrender ,Surrender,3318
Juvenile,41-50,1,G22,G22,Surrender ,Surrender after lapse,737
Juvenile,41-50,1,G23,G23,Surrender ,Surrender after lapse on the policy cause,106
Juvenile,41-50,1,G24,G24,Surrender ,Surrender by conversion,1
Juvenile,41-50,2,G21,G21,Surrender ,Surrender,1127
Juvenile,41-50,2,G22,G22,Surrender ,Surrender after lapse,316
Juvenile,41-50,2,G23,G23,Surrender ,Surrender after lapse on the policy cause,37
Juvenile,51-60,1,G21,G21,Surrender ,Surrender,654
Juvenile,51-60,1,G22,G22,Surrender ,Surrender after lapse,153
Juvenile,51-60,1,G23,G23,Surrender ,Surrender after lapse on the policy cause,14
Juvenile,51-60,2,G21,G21,Surrender ,Surrender,386
Juvenile,51-60,2,G22,G22,Surrender ,Surrender after lapse,66
Juvenile,51-60,2,G23,G23,Surrender ,Surrender after lapse on the policy cause,6
Juvenile,61-64,1,G21,G21,Surrender ,Surrender,92
Juvenile,61-64,1,G22,G22,Surrender ,Surrender after lapse,13
Juvenile,61-64,2,G21,G21,Surrender ,Surrender,166
Juvenile,61-64,2,G22,G22,Surrender ,Surrender after lapse,12
Juvenile,61-64,2,G23,G23,Surrender ,Surrender after lapse on the policy cause,2
Juvenile,greater than 64,1,G21,G21,Surrender ,Surrender,89
Juvenile,greater than 64,1,G22,G22,Surrender ,Surrender after lapse,14
Juvenile,greater than 64,2,G21,G21,Surrender ,Surrender,183
Juvenile,greater than 64,2,G22,G22,Surrender ,Surrender after lapse,18
Juvenile,greater than 64,2,G23,G23,Surrender ,Surrender after lapse on the policy cause,1
Maternity Insurance(or New Pregnant Woman Insurance),23-30,1,G21,G21,Surrender ,Surrender,2
Maternity Insurance(or New Pregnant Woman Insurance),23-30,2,G21,G21,Surrender ,Surrender,3
Maternity Insurance(or New Pregnant Woman Insurance),31-40,2,G21,G21,Surrender ,Surrender,2
Maternity Insurance(or New Pregnant Woman Insurance),31-40,2,G25,G25,Surrender ,Surrender of consent,1
Medical,18-22,1,G21,G21,Surrender ,Surrender,4383
Medical,18-22,1,G22,G22,Surrender ,Surrender after lapse,1330
Medical,18-22,1,G23,G23,Surrender ,Surrender after lapse on the policy cause,88
Medical,18-22,1,G24,G24,Surrender ,Surrender by conversion,268
Medical,18-22,1,G25,G25,Surrender ,Surrender of consent,4
Medical,18-22,2,G21,G21,Surrender ,Surrender,4390
Medical,18-22,2,G22,G22,Surrender ,Surrender after lapse,1184
Medical,18-22,2,G23,G23,Surrender ,Surrender after lapse on the policy cause,88
Medical,18-22,2,G24,G24,Surrender ,Surrender by conversion,252
Medical,18-22,2,G25,G25,Surrender ,Surrender of consent,2
Medical,23-30,1,G21,G21,Surrender ,Surrender,50361
Medical,23-30,1,G22,G22,Surrender ,Surrender after lapse,10383
Medical,23-30,1,G23,G23,Surrender ,Surrender after lapse on the policy cause,715
Medical,23-30,1,G24,G24,Surrender ,Surrender by conversion,2973
Medical,23-30,1,G25,G25,Surrender ,Surrender of consent,8
Medical,23-30,2,G21,G21,Surrender ,Surrender,54431
Medical,23-30,2,G22,G22,Surrender ,Surrender after lapse,10228
Medical,23-30,2,G23,G23,Surrender ,Surrender after lapse on the policy cause,759
Medical,23-30,2,G24,G24,Surrender ,Surrender by conversion,3701
Medical,23-30,2,G25,G25,Surrender ,Surrender of consent,10
Medical,31-40,1,G21,G21,Surrender ,Surrender,106069
Medical,31-40,1,G22,G22,Surrender ,Surrender after lapse,22229
Medical,31-40,1,G23,G23,Surrender ,Surrender after lapse on the policy cause,1231
Medical,31-40,1,G24,G24,Surrender ,Surrender by conversion,10562
Medical,31-40,1,G25,G25,Surrender ,Surrender of consent,24
Medical,31-40,1,G26,G26,Surrender ,Retirement surrender,1
Medical,31-40,2,G21,G21,Surrender ,Surrender,100732
Medical,31-40,2,G22,G22,Surrender ,Surrender after lapse,21780
Medical,31-40,2,G23,G23,Surrender ,Surrender after lapse on the policy cause,1405
Medical,31-40,2,G24,G24,Surrender ,Surrender by conversion,11044
Medical,31-40,2,G25,G25,Surrender ,Surrender of consent,27
Medical,41-50,1,G21,G21,Surrender ,Surrender,77962
Medical,41-50,1,G22,G22,Surrender ,Surrender after lapse,19543
Medical,41-50,1,G23,G23,Surrender ,Surrender after lapse on the policy cause,1055
Medical,41-50,1,G24,G24,Surrender ,Surrender by conversion,10524
Medical,41-50,1,G25,G25,Surrender ,Surrender of consent,35
Medical,41-50,1,G26,G26,Surrender ,Retirement surrender,1
Medical,41-50,2,G21,G21,Surrender ,Surrender,64734
Medical,41-50,2,G22,G22,Surrender ,Surrender after lapse,17046
Medical,41-50,2,G23,G23,Surrender ,Surrender after lapse on the policy cause,1029
Medical,41-50,2,G24,G24,Surrender ,Surrender by conversion,11221
Medical,41-50,2,G25,G25,Surrender ,Surrender of consent,25
Medical,41-50,3,G21,G21,Surrender ,Surrender,1
Medical,51-60,1,G21,G21,Surrender ,Surrender,56940
Medical,51-60,1,G22,G22,Surrender ,Surrender after lapse,13716
Medical,51-60,1,G23,G23,Surrender ,Surrender after lapse on the policy cause,769
Medical,51-60,1,G24,G24,Surrender ,Surrender by conversion,7398
Medical,51-60,1,G25,G25,Surrender ,Surrender of consent,62
Medical,51-60,2,G21,G21,Surrender ,Surrender,46893
Medical,51-60,2,G22,G22,Surrender ,Surrender after lapse,10104
Medical,51-60,2,G23,G23,Surrender ,Surrender after lapse on the policy cause,669
Medical,51-60,2,G24,G24,Surrender ,Surrender by conversion,9322
Medical,51-60,2,G25,G25,Surrender ,Surrender of consent,28
Medical,51-60,3,G21,G21,Surrender ,Surrender,1
Medical,61-64,1,G21,G21,Surrender ,Surrender,14785
Medical,61-64,1,G22,G22,Surrender ,Surrender after lapse,3475
Medical,61-64,1,G23,G23,Surrender ,Surrender after lapse on the policy cause,226
Medical,61-64,1,G24,G24,Surrender ,Surrender by conversion,2779
Medical,61-64,1,G25,G25,Surrender ,Surrender of consent,22
Medical,61-64,2,G21,G21,Surrender ,Surrender,13392
Medical,61-64,2,G22,G22,Surrender ,Surrender after lapse,2654
Medical,61-64,2,G23,G23,Surrender ,Surrender after lapse on the policy cause,197
Medical,61-64,2,G24,G24,Surrender ,Surrender by conversion,4178
Medical,61-64,2,G25,G25,Surrender ,Surrender of consent,6
Medical,61-64,3,G21,G21,Surrender ,Surrender,1
Medical,greater than 64,1,G21,G21,Surrender ,Surrender,19763
Medical,greater than 64,1,G22,G22,Surrender ,Surrender after lapse,3919
Medical,greater than 64,1,G23,G23,Surrender ,Surrender after lapse on the policy cause,242
Medical,greater than 64,1,G24,G24,Surrender ,Surrender by conversion,4884
Medical,greater than 64,1,G25,G25,Surrender ,Surrender of consent,10
Medical,greater than 64,2,G21,G21,Surrender ,Surrender,22100
Medical,greater than 64,2,G22,G22,Surrender ,Surrender after lapse,3624
Medical,greater than 64,2,G23,G23,Surrender ,Surrender after lapse on the policy cause,288
Medical,greater than 64,2,G24,G24,Surrender ,Surrender by conversion,9134
Medical,greater than 64,2,G25,G25,Surrender ,Surrender of consent,8
Medical,greater than 64,3,G22,G22,Surrender ,Surrender after lapse,1
Medical（Coins） ,31-40,2,G21,G21,Surrender ,Surrender,1
Medical（Coins） ,41-50,1,G21,G21,Surrender ,Surrender,2
Medical（Coins） ,41-50,2,G21,G21,Surrender ,Surrender,2
Medical（Coins） ,51-60,1,G21,G21,Surrender ,Surrender,2
Medical（Coins） ,51-60,2,G21,G21,Surrender ,Surrender,4
Medical（Coins） ,61-64,1,G21,G21,Surrender ,Surrender,2
Medical（Coins） ,61-64,2,G21,G21,Surrender ,Surrender,1
Medical（Coins） ,greater than 64,1,G21,G21,Surrender ,Surrender,2
M.I.P,18-22,1,G21,G21,Surrender ,Surrender,97
M.I.P,18-22,1,G22,G22,Surrender ,Surrender after lapse,22
M.I.P,18-22,1,G23,G23,Surrender ,Surrender after lapse on the policy cause,4
M.I.P,18-22,2,G21,G21,Surrender ,Surrender,15
M.I.P,18-22,2,G22,G22,Surrender ,Surrender after lapse,4
M.I.P,23-30,1,G21,G21,Surrender ,Surrender,6609
M.I.P,23-30,1,G22,G22,Surrender ,Surrender after lapse,850
M.I.P,23-30,1,G23,G23,Surrender ,Surrender after lapse on the policy cause,84
M.I.P,23-30,1,G24,G24,Surrender ,Surrender by conversion,4
M.I.P,23-30,2,G21,G21,Surrender ,Surrender,1061
M.I.P,23-30,2,G22,G22,Surrender ,Surrender after lapse,148
M.I.P,23-30,2,G23,G23,Surrender ,Surrender after lapse on the policy cause,19
M.I.P,23-30,2,G24,G24,Surrender ,Surrender by conversion,2
M.I.P,31-40,1,G21,G21,Surrender ,Surrender,24175
M.I.P,31-40,1,G22,G22,Surrender ,Surrender after lapse,2855
M.I.P,31-40,1,G23,G23,Surrender ,Surrender after lapse on the policy cause,213
M.I.P,31-40,1,G24,G24,Surrender ,Surrender by conversion,36
M.I.P,31-40,2,G21,G21,Surrender ,Surrender,3656
M.I.P,31-40,2,G22,G22,Surrender ,Surrender after lapse,509
M.I.P,31-40,2,G23,G23,Surrender ,Surrender after lapse on the policy cause,43
M.I.P,31-40,2,G24,G24,Surrender ,Surrender by conversion,9
M.I.P,41-50,1,G21,G21,Surrender ,Surrender,14325
M.I.P,41-50,1,G22,G22,Surrender ,Surrender after lapse,2618
M.I.P,41-50,1,G23,G23,Surrender ,Surrender after lapse on the policy cause,186
M.I.P,41-50,1,G24,G24,Surrender ,Surrender by conversion,77
M.I.P,41-50,2,G21,G21,Surrender ,Surrender,2180
M.I.P,41-50,2,G22,G22,Surrender ,Surrender after lapse,476
M.I.P,41-50,2,G23,G23,Surrender ,Surrender after lapse on the policy cause,29
M.I.P,41-50,2,G24,G24,Surrender ,Surrender by conversion,26
M.I.P,51-60,1,G21,G21,Surrender ,Surrender,5524
M.I.P,51-60,1,G22,G22,Surrender ,Surrender after lapse,996
M.I.P,51-60,1,G23,G23,Surrender ,Surrender after lapse on the policy cause,52
M.I.P,51-60,1,G24,G24,Surrender ,Surrender by conversion,159
M.I.P,51-60,2,G21,G21,Surrender ,Surrender,831
M.I.P,51-60,2,G22,G22,Surrender ,Surrender after lapse,201
M.I.P,51-60,2,G23,G23,Surrender ,Surrender after lapse on the policy cause,12
M.I.P,51-60,2,G24,G24,Surrender ,Surrender by conversion,18
M.I.P,61-64,1,G21,G21,Surrender ,Surrender,738
M.I.P,61-64,1,G22,G22,Surrender ,Surrender after lapse,115
M.I.P,61-64,1,G23,G23,Surrender ,Surrender after lapse on the policy cause,7
M.I.P,61-64,1,G24,G24,Surrender ,Surrender by conversion,43
M.I.P,61-64,2,G21,G21,Surrender ,Surrender,152
M.I.P,61-64,2,G22,G22,Surrender ,Surrender after lapse,26
M.I.P,61-64,2,G23,G23,Surrender ,Surrender after lapse on the policy cause,2
M.I.P,61-64,2,G24,G24,Surrender ,Surrender by conversion,10
M.I.P,greater than 64,1,G21,G21,Surrender ,Surrender,372
M.I.P,greater than 64,1,G22,G22,Surrender ,Surrender after lapse,75
M.I.P,greater than 64,1,G23,G23,Surrender ,Surrender after lapse on the policy cause,4
M.I.P,greater than 64,1,G24,G24,Surrender ,Surrender by conversion,60
M.I.P,greater than 64,2,G21,G21,Surrender ,Surrender,129
M.I.P,greater than 64,2,G22,G22,Surrender ,Surrender after lapse,22
M.I.P,greater than 64,2,G23,G23,Surrender ,Surrender after lapse on the policy cause,2
M.I.P,greater than 64,2,G24,G24,Surrender ,Surrender by conversion,12
Nursing care,18-22,1,G21,G21,Surrender ,Surrender,1
Nursing care,18-22,1,G22,G22,Surrender ,Surrender after lapse,1
Nursing care,18-22,2,G21,G21,Surrender ,Surrender,6
Nursing care,23-30,1,G21,G21,Surrender ,Surrender,31
Nursing care,23-30,1,G22,G22,Surrender ,Surrender after lapse,4
Nursing care,23-30,2,G21,G21,Surrender ,Surrender,20
Nursing care,23-30,2,G22,G22,Surrender ,Surrender after lapse,2
Nursing care,31-40,1,G21,G21,Surrender ,Surrender,106
Nursing care,31-40,1,G22,G22,Surrender ,Surrender after lapse,14
Nursing care,31-40,1,G23,G23,Surrender ,Surrender after lapse on the policy cause,1
Nursing care,31-40,2,G21,G21,Surrender ,Surrender,21
Nursing care,31-40,2,G22,G22,Surrender ,Surrender after lapse,2
Nursing care,41-50,1,G21,G21,Surrender ,Surrender,114
Nursing care,41-50,1,G22,G22,Surrender ,Surrender after lapse,17
Nursing care,41-50,1,G23,G23,Surrender ,Surrender after lapse on the policy cause,1
Nursing care,41-50,2,G21,G21,Surrender ,Surrender,50
Nursing care,41-50,2,G22,G22,Surrender ,Surrender after lapse,10
Nursing care,51-60,1,G21,G21,Surrender ,Surrender,76
Nursing care,51-60,1,G22,G22,Surrender ,Surrender after lapse,9
Nursing care,51-60,2,G21,G21,Surrender ,Surrender,60
Nursing care,51-60,2,G22,G22,Surrender ,Surrender after lapse,6
Nursing care,51-60,2,G23,G23,Surrender ,Surrender after lapse on the policy cause,2
Nursing care,61-64,1,G21,G21,Surrender ,Surrender,15
Nursing care,61-64,1,G22,G22,Surrender ,Surrender after lapse,2
Nursing care,61-64,1,G23,G23,Surrender ,Surrender after lapse on the policy cause,1
Nursing care,61-64,2,G21,G21,Surrender ,Surrender,20
Nursing care,61-64,2,G22,G22,Surrender ,Surrender after lapse,3
Nursing care,greater than 64,1,G21,G21,Surrender ,Surrender,30
Nursing care,greater than 64,1,G22,G22,Surrender ,Surrender after lapse,2
Nursing care,greater than 64,1,G23,G23,Surrender ,Surrender after lapse on the policy cause,1
Nursing care,greater than 64,2,G21,G21,Surrender ,Surrender,24
Nursing care,greater than 64,2,G22,G22,Surrender ,Surrender after lapse,4
Term life,18-22,1,G21,G21,Surrender ,Surrender,388
Term life,18-22,1,G22,G22,Surrender ,Surrender after lapse,83
Term life,18-22,1,G23,G23,Surrender ,Surrender after lapse on the policy cause,6
Term life,18-22,1,G25,G25,Surrender ,Surrender of consent,1
Term life,18-22,2,G21,G21,Surrender ,Surrender,216
Term life,18-22,2,G22,G22,Surrender ,Surrender after lapse,40
Term life,18-22,2,G23,G23,Surrender ,Surrender after lapse on the policy cause,1
Term life,18-22,2,G24,G24,Surrender ,Surrender by conversion,1
Term life,23-30,1,G21,G21,Surrender ,Surrender,5255
Term life,23-30,1,G22,G22,Surrender ,Surrender after lapse,844
Term life,23-30,1,G23,G23,Surrender ,Surrender after lapse on the policy cause,69
Term life,23-30,1,G24,G24,Surrender ,Surrender by conversion,4
Term life,23-30,1,G25,G25,Surrender ,Surrender of consent,6
Term life,23-30,2,G21,G21,Surrender ,Surrender,1781
Term life,23-30,2,G22,G22,Surrender ,Surrender after lapse,300
Term life,23-30,2,G23,G23,Surrender ,Surrender after lapse on the policy cause,30
Term life,23-30,2,G25,G25,Surrender ,Surrender of consent,4
Term life,31-40,1,G21,G21,Surrender ,Surrender,18541
Term life,31-40,1,G22,G22,Surrender ,Surrender after lapse,3016
Term life,31-40,1,G23,G23,Surrender ,Surrender after lapse on the policy cause,224
Term life,31-40,1,G24,G24,Surrender ,Surrender by conversion,13
Term life,31-40,1,G25,G25,Surrender ,Surrender of consent,27
Term life,31-40,1,G26,G26,Surrender ,Retirement surrender,8
Term life,31-40,2,G21,G21,Surrender ,Surrender,3890
Term life,31-40,2,G22,G22,Surrender ,Surrender after lapse,808
Term life,31-40,2,G23,G23,Surrender ,Surrender after lapse on the policy cause,54
Term life,31-40,2,G24,G24,Surrender ,Surrender by conversion,8
Term life,31-40,2,G25,G25,Surrender ,Surrender of consent,5
Term life,31-40,3,G21,G21,Surrender ,Surrender,1
Term life,41-50,0,G21,G21,Surrender ,Surrender,1
Term life,41-50,1,G21,G21,Surrender ,Surrender,17141
Term life,41-50,1,G22,G22,Surrender ,Surrender after lapse,4421
Term life,41-50,1,G23,G23,Surrender ,Surrender after lapse on the policy cause,289
Term life,41-50,1,G24,G24,Surrender ,Surrender by conversion,49
Term life,41-50,1,G25,G25,Surrender ,Surrender of consent,56
Term life,41-50,1,G26,G26,Surrender ,Retirement surrender,5
Term life,41-50,2,G21,G21,Surrender ,Surrender,4159
Term life,41-50,2,G22,G22,Surrender ,Surrender after lapse,1241
Term life,41-50,2,G23,G23,Surrender ,Surrender after lapse on the policy cause,64
Term life,41-50,2,G24,G24,Surrender ,Surrender by conversion,23
Term life,41-50,2,G25,G25,Surrender ,Surrender of consent,14
Term life,41-50,2,G26,G26,Surrender ,Retirement surrender,1
Term life,41-50,3,G21,G21,Surrender ,Surrender,3
Term life,51-60,1,G21,G21,Surrender ,Surrender,14115
Term life,51-60,1,G22,G22,Surrender ,Surrender after lapse,4572
Term life,51-60,1,G23,G23,Surrender ,Surrender after lapse on the policy cause,203
Term life,51-60,1,G24,G24,Surrender ,Surrender by conversion,127
Term life,51-60,1,G25,G25,Surrender ,Surrender of consent,30
Term life,51-60,1,G26,G26,Surrender ,Retirement surrender,3
Term life,51-60,2,G21,G21,Surrender ,Surrender,3943
Term life,51-60,2,G22,G22,Surrender ,Surrender after lapse,1306
Term life,51-60,2,G23,G23,Surrender ,Surrender after lapse on the policy cause,67
Term life,51-60,2,G24,G24,Surrender ,Surrender by conversion,30
Term life,51-60,2,G25,G25,Surrender ,Surrender of consent,14
Term life,51-60,3,G21,G21,Surrender ,Surrender,1
Term life,61-64,1,G21,G21,Surrender ,Surrender,3412
Term life,61-64,1,G22,G22,Surrender ,Surrender after lapse,1240
Term life,61-64,1,G23,G23,Surrender ,Surrender after lapse on the policy cause,59
Term life,61-64,1,G24,G24,Surrender ,Surrender by conversion,61
Term life,61-64,1,G25,G25,Surrender ,Surrender of consent,10
Term life,61-64,1,G26,G26,Surrender ,Retirement surrender,1
Term life,61-64,2,G21,G21,Surrender ,Surrender,1144
Term life,61-64,2,G22,G22,Surrender ,Surrender after lapse,404
Term life,61-64,2,G23,G23,Surrender ,Surrender after lapse on the policy cause,30
Term life,61-64,2,G24,G24,Surrender ,Surrender by conversion,20
Term life,61-64,2,G25,G25,Surrender ,Surrender of consent,5
Term life,greater than 64,1,G21,G21,Surrender ,Surrender,4480
Term life,greater than 64,1,G22,G22,Surrender ,Surrender after lapse,1681
Term life,greater than 64,1,G23,G23,Surrender ,Surrender after lapse on the policy cause,65
Term life,greater than 64,1,G24,G24,Surrender ,Surrender by conversion,163
Term life,greater than 64,1,G25,G25,Surrender ,Surrender of consent,6
Term life,greater than 64,2,G21,G21,Surrender ,Surrender,1997
Term life,greater than 64,2,G22,G22,Surrender ,Surrender after lapse,779
Term life,greater than 64,2,G23,G23,Surrender ,Surrender after lapse on the policy cause,41
Term life,greater than 64,2,G24,G24,Surrender ,Surrender by conversion,78
Term life,greater than 64,2,G25,G25,Surrender ,Surrender of consent,2
Term life,greater than 64,3,G22,G22,Surrender ,Surrender after lapse,1
VL Endowment,18-22,1,G21,G21,Surrender ,Surrender,3
VL Endowment,18-22,2,G21,G21,Surrender ,Surrender,2
VL Endowment,23-30,1,G21,G21,Surrender ,Surrender,26
VL Endowment,23-30,1,G22,G22,Surrender ,Surrender after lapse,3
VL Endowment,23-30,2,G21,G21,Surrender ,Surrender,23
VL Endowment,23-30,2,G22,G22,Surrender ,Surrender after lapse,1
VL Endowment,31-40,1,G21,G21,Surrender ,Surrender,177
VL Endowment,31-40,1,G22,G22,Surrender ,Surrender after lapse,2
VL Endowment,31-40,1,G23,G23,Surrender ,Surrender after lapse on the policy cause,3
VL Endowment,31-40,2,G21,G21,Surrender ,Surrender,36
VL Endowment,31-40,2,G22,G22,Surrender ,Surrender after lapse,2
VL Endowment,31-40,3,G21,G21,Surrender ,Surrender,1
VL Endowment,41-50,1,G21,G21,Surrender ,Surrender,93
VL Endowment,41-50,1,G22,G22,Surrender ,Surrender after lapse,2
VL Endowment,41-50,1,G23,G23,Surrender ,Surrender after lapse on the policy cause,2
VL Endowment,41-50,2,G21,G21,Surrender ,Surrender,40
VL Endowment,41-50,2,G22,G22,Surrender ,Surrender after lapse,3
VL Endowment,41-50,3,G21,G21,Surrender ,Surrender,6
VL Endowment,51-60,1,G21,G21,Surrender ,Surrender,96
VL Endowment,51-60,1,G22,G22,Surrender ,Surrender after lapse,2
VL Endowment,51-60,2,G21,G21,Surrender ,Surrender,40
VL Endowment,51-60,2,G23,G23,Surrender ,Surrender after lapse on the policy cause,1
VL Endowment,61-64,1,G21,G21,Surrender ,Surrender,23
VL Endowment,61-64,1,G22,G22,Surrender ,Surrender after lapse,1
VL Endowment,61-64,2,G21,G21,Surrender ,Surrender,10
VL Endowment,greater than 64,1,G21,G21,Surrender ,Surrender,109
VL Endowment,greater than 64,2,G21,G21,Surrender ,Surrender,16
VL Whole life,18-22,1,G21,G21,Surrender ,Surrender,59
VL Whole life,18-22,1,G22,G22,Surrender ,Surrender after lapse,4
VL Whole life,18-22,1,G23,G23,Surrender ,Surrender after lapse on the policy cause,1
VL Whole life,18-22,2,G21,G21,Surrender ,Surrender,23
VL Whole life,18-22,2,G22,G22,Surrender ,Surrender after lapse,4
VL Whole life,18-22,2,G23,G23,Surrender ,Surrender after lapse on the policy cause,1
VL Whole life,23-30,1,G21,G21,Surrender ,Surrender,874
VL Whole life,23-30,1,G22,G22,Surrender ,Surrender after lapse,105
VL Whole life,23-30,1,G23,G23,Surrender ,Surrender after lapse on the policy cause,15
VL Whole life,23-30,2,G21,G21,Surrender ,Surrender,408
VL Whole life,23-30,2,G22,G22,Surrender ,Surrender after lapse,47
VL Whole life,23-30,2,G23,G23,Surrender ,Surrender after lapse on the policy cause,7
VL Whole life,31-40,1,G21,G21,Surrender ,Surrender,2650
VL Whole life,31-40,1,G22,G22,Surrender ,Surrender after lapse,247
VL Whole life,31-40,1,G23,G23,Surrender ,Surrender after lapse on the policy cause,55
VL Whole life,31-40,2,G21,G21,Surrender ,Surrender,921
VL Whole life,31-40,2,G22,G22,Surrender ,Surrender after lapse,82
VL Whole life,31-40,2,G23,G23,Surrender ,Surrender after lapse on the policy cause,20
VL Whole life,31-40,2,G24,G24,Surrender ,Surrender by conversion,1
VL Whole life,41-50,1,G21,G21,Surrender ,Surrender,1927
VL Whole life,41-50,1,G22,G22,Surrender ,Surrender after lapse,162
VL Whole life,41-50,1,G23,G23,Surrender ,Surrender after lapse on the policy cause,44
VL Whole life,41-50,1,G24,G24,Surrender ,Surrender by conversion,3
VL Whole life,41-50,2,G21,G21,Surrender ,Surrender,676
VL Whole life,41-50,2,G22,G22,Surrender ,Surrender after lapse,49
VL Whole life,41-50,2,G23,G23,Surrender ,Surrender after lapse on the policy cause,18
VL Whole life,51-60,1,G21,G21,Surrender ,Surrender,962
VL Whole life,51-60,1,G22,G22,Surrender ,Surrender after lapse,80
VL Whole life,51-60,1,G23,G23,Surrender ,Surrender after lapse on the policy cause,20
VL Whole life,51-60,1,G24,G24,Surrender ,Surrender by conversion,2
VL Whole life,51-60,2,G21,G21,Surrender ,Surrender,568
VL Whole life,51-60,2,G22,G22,Surrender ,Surrender after lapse,33
VL Whole life,51-60,2,G23,G23,Surrender ,Surrender after lapse on the policy cause,6
VL Whole life,61-64,1,G21,G21,Surrender ,Surrender,195
VL Whole life,61-64,1,G22,G22,Surrender ,Surrender after lapse,8
VL Whole life,61-64,1,G23,G23,Surrender ,Surrender after lapse on the policy cause,9
VL Whole life,61-64,2,G21,G21,Surrender ,Surrender,158
VL Whole life,61-64,2,G22,G22,Surrender ,Surrender after lapse,5
VL Whole life,61-64,2,G23,G23,Surrender ,Surrender after lapse on the policy cause,6
VL Whole life,greater than 64,1,G21,G21,Surrender ,Surrender,323
VL Whole life,greater than 64,1,G22,G22,Surrender ,Surrender after lapse,7
VL Whole life,greater than 64,1,G23,G23,Surrender ,Surrender after lapse on the policy cause,3
VL Whole life,greater than 64,2,G21,G21,Surrender ,Surrender,334
VL Whole life,greater than 64,2,G22,G22,Surrender ,Surrender after lapse,13
VL Whole life,greater than 64,2,G23,G23,Surrender ,Surrender after lapse on the policy cause,1
Whole life,18-22,1,G21,G21,Surrender ,Surrender,1695
Whole life,18-22,1,G22,G22,Surrender ,Surrender after lapse,483
Whole life,18-22,1,G23,G23,Surrender ,Surrender after lapse on the policy cause,57
Whole life,18-22,1,G25,G25,Surrender ,Surrender of consent,1
Whole life,18-22,2,G21,G21,Surrender ,Surrender,1100
Whole life,18-22,2,G22,G22,Surrender ,Surrender after lapse,222
Whole life,18-22,2,G23,G23,Surrender ,Surrender after lapse on the policy cause,24
Whole life,23-30,1,G21,G21,Surrender ,Surrender,19012
Whole life,23-30,1,G22,G22,Surrender ,Surrender after lapse,3633
Whole life,23-30,1,G23,G23,Surrender ,Surrender after lapse on the policy cause,435
Whole life,23-30,1,G24,G24,Surrender ,Surrender by conversion,3
Whole life,23-30,1,G25,G25,Surrender ,Surrender of consent,5
Whole life,23-30,2,G21,G21,Surrender ,Surrender,10263
Whole life,23-30,2,G22,G22,Surrender ,Surrender after lapse,1548
Whole life,23-30,2,G23,G23,Surrender ,Surrender after lapse on the policy cause,201
Whole life,23-30,2,G24,G24,Surrender ,Surrender by conversion,1
Whole life,23-30,2,G25,G25,Surrender ,Surrender of consent,5
Whole life,31-40,1,G21,G21,Surrender ,Surrender,37739
Whole life,31-40,1,G22,G22,Surrender ,Surrender after lapse,7730
Whole life,31-40,1,G23,G23,Surrender ,Surrender after lapse on the policy cause,771
Whole life,31-40,1,G24,G24,Surrender ,Surrender by conversion,5
Whole life,31-40,1,G25,G25,Surrender ,Surrender of consent,15
Whole life,31-40,2,G21,G21,Surrender ,Surrender,17038
Whole life,31-40,2,G22,G22,Surrender ,Surrender after lapse,2921
Whole life,31-40,2,G23,G23,Surrender ,Surrender after lapse on the policy cause,351
Whole life,31-40,2,G24,G24,Surrender ,Surrender by conversion,2
Whole life,31-40,2,G25,G25,Surrender ,Surrender of consent,7
Whole life,31-40,3,G21,G21,Surrender ,Surrender,2
Whole life,41-50,1,G21,G21,Surrender ,Surrender,26599
Whole life,41-50,1,G22,G22,Surrender ,Surrender after lapse,6286
Whole life,41-50,1,G23,G23,Surrender ,Surrender after lapse on the policy cause,646
Whole life,41-50,1,G24,G24,Surrender ,Surrender by conversion,8
Whole life,41-50,1,G25,G25,Surrender ,Surrender of consent,18
Whole life,41-50,2,G21,G21,Surrender ,Surrender,13845
Whole life,41-50,2,G22,G22,Surrender ,Surrender after lapse,2917
Whole life,41-50,2,G23,G23,Surrender ,Surrender after lapse on the policy cause,344
Whole life,41-50,2,G24,G24,Surrender ,Surrender by conversion,3
Whole life,41-50,2,G25,G25,Surrender ,Surrender of consent,7
Whole life,41-50,3,G21,G21,Surrender ,Surrender,2
Whole life,51-60,1,G21,G21,Surrender ,Surrender,16630
Whole life,51-60,1,G22,G22,Surrender ,Surrender after lapse,3896
Whole life,51-60,1,G23,G23,Surrender ,Surrender after lapse on the policy cause,370
Whole life,51-60,1,G24,G24,Surrender ,Surrender by conversion,19
Whole life,51-60,1,G25,G25,Surrender ,Surrender of consent,7
Whole life,51-60,2,G21,G21,Surrender ,Surrender,11752
Whole life,51-60,2,G22,G22,Surrender ,Surrender after lapse,2294
Whole life,51-60,2,G23,G23,Surrender ,Surrender after lapse on the policy cause,230
Whole life,51-60,2,G24,G24,Surrender ,Surrender by conversion,3
Whole life,51-60,2,G25,G25,Surrender ,Surrender of consent,8
Whole life,51-60,3,G21,G21,Surrender ,Surrender,1
Whole life,61-64,1,G21,G21,Surrender ,Surrender,4023
Whole life,61-64,1,G22,G22,Surrender ,Surrender after lapse,899
Whole life,61-64,1,G23,G23,Surrender ,Surrender after lapse on the policy cause,69
Whole life,61-64,1,G24,G24,Surrender ,Surrender by conversion,5
Whole life,61-64,1,G25,G25,Surrender ,Surrender of consent,7
Whole life,61-64,2,G21,G21,Surrender ,Surrender,3361
Whole life,61-64,2,G22,G22,Surrender ,Surrender after lapse,682
Whole life,61-64,2,G23,G23,Surrender ,Surrender after lapse on the policy cause,67
Whole life,61-64,2,G24,G24,Surrender ,Surrender by conversion,1
Whole life,61-64,2,G25,G25,Surrender ,Surrender of consent,2
Whole life,greater than 64,1,G21,G21,Surrender ,Surrender,5942
Whole life,greater than 64,1,G22,G22,Surrender ,Surrender after lapse,1232
Whole life,greater than 64,1,G23,G23,Surrender ,Surrender after lapse on the policy cause,105
Whole life,greater than 64,1,G24,G24,Surrender ,Surrender by conversion,6
Whole life,greater than 64,1,G25,G25,Surrender ,Surrender of consent,2
Whole life,greater than 64,2,G21,G21,Surrender ,Surrender,6966
Whole life,greater than 64,2,G22,G22,Surrender ,Surrender after lapse,1043
Whole life,greater than 64,2,G23,G23,Surrender ,Surrender after lapse on the policy cause,115
Whole life,greater than 64,2,G24,G24,Surrender ,Surrender by conversion,1
Whole life,greater than 64,2,G25,G25,Surrender ,Surrender of consent,5
Whole life,greater than 64,3,G21,G21,Surrender ,Surrender,1
