Policy Type Name,a_group,Policyholder'S_Gender,APL Number of LOAN,count
Annuity(Annuity Certain ),18-22,1,0,306
Annuity(Annuity Certain ),18-22,1,1,31
Annuity(Annuity Certain ),18-22,1,2,14
Annuity(Annuity Certain ),18-22,1,3,6
Annuity(Annuity Certain ),18-22,1,4,6
Annuity(Annuity Certain ),18-22,1,5,3
Annuity(Annuity Certain ),18-22,1,6,1
Annuity(Annuity Certain ),18-22,1,8,3
Annuity(Annuity Certain ),18-22,1,10,1
Annuity(Annuity Certain ),18-22,1,12,1
Annuity(Annuity Certain ),18-22,1,16,2
Annuity(Annuity Certain ),18-22,2,0,280
Annuity(Annuity Certain ),18-22,2,1,38
Annuity(Annuity Certain ),18-22,2,2,14
Annuity(Annuity Certain ),18-22,2,3,3
Annuity(Annuity Certain ),18-22,2,4,1
Annuity(Annuity Certain ),18-22,2,6,3
Annuity(Annuity Certain ),18-22,2,8,1
Annuity(Annuity Certain ),18-22,2,9,1
Annuity(Annuity Certain ),18-22,2,10,1
Annuity(Annuity Certain ),23-30,1,0,1525
Annuity(Annuity Certain ),23-30,1,1,127
Annuity(Annuity Certain ),23-30,1,2,51
Annuity(Annuity Certain ),23-30,1,3,29
Annuity(Annuity Certain ),23-30,1,4,22
Annuity(Annuity Certain ),23-30,1,5,7
Annuity(Annuity Certain ),23-30,1,6,10
Annuity(Annuity Certain ),23-30,1,7,8
Annuity(Annuity Certain ),23-30,1,8,8
Annuity(Annuity Certain ),23-30,1,9,6
Annuity(Annuity Certain ),23-30,1,10,4
Annuity(Annuity Certain ),23-30,1,11,4
Annuity(Annuity Certain ),23-30,1,12,2
Annuity(Annuity Certain ),23-30,1,13,2
Annuity(Annuity Certain ),23-30,1,14,3
Annuity(Annuity Certain ),23-30,1,15,1
Annuity(Annuity Certain ),23-30,1,16,2
Annuity(Annuity Certain ),23-30,1,18,1
Annuity(Annuity Certain ),23-30,1,21,1
Annuity(Annuity Certain ),23-30,1,23,1
Annuity(Annuity Certain ),23-30,2,0,1200
Annuity(Annuity Certain ),23-30,2,1,76
Annuity(Annuity Certain ),23-30,2,2,37
Annuity(Annuity Certain ),23-30,2,3,25
Annuity(Annuity Certain ),23-30,2,4,7
Annuity(Annuity Certain ),23-30,2,5,11
Annuity(Annuity Certain ),23-30,2,6,7
Annuity(Annuity Certain ),23-30,2,7,5
Annuity(Annuity Certain ),23-30,2,8,3
Annuity(Annuity Certain ),23-30,2,9,1
Annuity(Annuity Certain ),23-30,2,10,2
Annuity(Annuity Certain ),23-30,2,11,3
Annuity(Annuity Certain ),23-30,2,12,1
Annuity(Annuity Certain ),23-30,2,14,1
Annuity(Annuity Certain ),31-40,1,0,1649
Annuity(Annuity Certain ),31-40,1,1,146
Annuity(Annuity Certain ),31-40,1,2,64
Annuity(Annuity Certain ),31-40,1,3,40
Annuity(Annuity Certain ),31-40,1,4,17
Annuity(Annuity Certain ),31-40,1,5,16
Annuity(Annuity Certain ),31-40,1,6,11
Annuity(Annuity Certain ),31-40,1,7,7
Annuity(Annuity Certain ),31-40,1,8,6
Annuity(Annuity Certain ),31-40,1,9,7
Annuity(Annuity Certain ),31-40,1,10,5
Annuity(Annuity Certain ),31-40,1,11,3
Annuity(Annuity Certain ),31-40,1,12,2
Annuity(Annuity Certain ),31-40,1,13,1
Annuity(Annuity Certain ),31-40,1,14,4
Annuity(Annuity Certain ),31-40,1,22,1
Annuity(Annuity Certain ),31-40,1,23,1
Annuity(Annuity Certain ),31-40,2,0,1291
Annuity(Annuity Certain ),31-40,2,1,85
Annuity(Annuity Certain ),31-40,2,2,47
Annuity(Annuity Certain ),31-40,2,3,18
Annuity(Annuity Certain ),31-40,2,4,15
Annuity(Annuity Certain ),31-40,2,5,9
Annuity(Annuity Certain ),31-40,2,6,3
Annuity(Annuity Certain ),31-40,2,7,1
Annuity(Annuity Certain ),31-40,2,8,2
Annuity(Annuity Certain ),31-40,2,9,3
Annuity(Annuity Certain ),31-40,2,10,1
Annuity(Annuity Certain ),31-40,2,13,4
Annuity(Annuity Certain ),31-40,2,18,2
Annuity(Annuity Certain ),41-50,1,0,1261
Annuity(Annuity Certain ),41-50,1,1,103
Annuity(Annuity Certain ),41-50,1,2,57
Annuity(Annuity Certain ),41-50,1,3,26
Annuity(Annuity Certain ),41-50,1,4,20
Annuity(Annuity Certain ),41-50,1,5,7
Annuity(Annuity Certain ),41-50,1,6,5
Annuity(Annuity Certain ),41-50,1,7,4
Annuity(Annuity Certain ),41-50,1,8,3
Annuity(Annuity Certain ),41-50,1,11,1
Annuity(Annuity Certain ),41-50,1,12,1
Annuity(Annuity Certain ),41-50,1,14,1
Annuity(Annuity Certain ),41-50,1,16,1
Annuity(Annuity Certain ),41-50,1,17,2
Annuity(Annuity Certain ),41-50,1,26,1
Annuity(Annuity Certain ),41-50,2,0,1166
Annuity(Annuity Certain ),41-50,2,1,72
Annuity(Annuity Certain ),41-50,2,2,34
Annuity(Annuity Certain ),41-50,2,3,21
Annuity(Annuity Certain ),41-50,2,4,14
Annuity(Annuity Certain ),41-50,2,5,7
Annuity(Annuity Certain ),41-50,2,6,3
Annuity(Annuity Certain ),41-50,2,7,1
Annuity(Annuity Certain ),41-50,2,8,1
Annuity(Annuity Certain ),41-50,2,9,4
Annuity(Annuity Certain ),41-50,2,11,3
Annuity(Annuity Certain ),41-50,2,12,1
Annuity(Annuity Certain ),41-50,2,13,1
Annuity(Annuity Certain ),41-50,2,19,1
Annuity(Annuity Certain ),51-60,1,0,591
Annuity(Annuity Certain ),51-60,1,1,32
Annuity(Annuity Certain ),51-60,1,2,32
Annuity(Annuity Certain ),51-60,1,3,13
Annuity(Annuity Certain ),51-60,1,4,4
Annuity(Annuity Certain ),51-60,1,5,2
Annuity(Annuity Certain ),51-60,1,6,3
Annuity(Annuity Certain ),51-60,1,7,5
Annuity(Annuity Certain ),51-60,1,8,1
Annuity(Annuity Certain ),51-60,1,9,1
Annuity(Annuity Certain ),51-60,1,12,1
Annuity(Annuity Certain ),51-60,1,14,1
Annuity(Annuity Certain ),51-60,2,0,594
Annuity(Annuity Certain ),51-60,2,1,33
Annuity(Annuity Certain ),51-60,2,2,22
Annuity(Annuity Certain ),51-60,2,3,8
Annuity(Annuity Certain ),51-60,2,4,11
Annuity(Annuity Certain ),51-60,2,5,3
Annuity(Annuity Certain ),51-60,2,6,3
Annuity(Annuity Certain ),51-60,2,7,2
Annuity(Annuity Certain ),51-60,2,8,1
Annuity(Annuity Certain ),51-60,2,10,1
Annuity(Annuity Certain ),51-60,2,14,1
Annuity(Annuity Certain ),51-60,2,17,1
Annuity(Annuity Certain ),51-60,2,22,1
Annuity(Annuity Certain ),61-64,1,0,47
Annuity(Annuity Certain ),61-64,1,1,5
Annuity(Annuity Certain ),61-64,1,2,5
Annuity(Annuity Certain ),61-64,1,3,1
Annuity(Annuity Certain ),61-64,1,4,2
Annuity(Annuity Certain ),61-64,1,5,2
Annuity(Annuity Certain ),61-64,1,7,2
Annuity(Annuity Certain ),61-64,2,0,50
Annuity(Annuity Certain ),61-64,2,1,3
Annuity(Annuity Certain ),61-64,2,4,2
Annuity(Annuity Certain ),61-64,2,6,1
Annuity(Annuity Certain ),greater than 64,1,0,44
Annuity(Annuity Certain ),greater than 64,1,1,6
Annuity(Annuity Certain ),greater than 64,1,2,3
Annuity(Annuity Certain ),greater than 64,1,10,1
Annuity(Annuity Certain ),greater than 64,2,0,46
Annuity(Annuity Certain ),greater than 64,2,1,5
Annuity(Annuity Certain ),greater than 64,2,2,1
Annuity(Annuity Certain ),greater than 64,2,5,1
Annuity(Whole Life Annuity With Guaranteed Installment ),18-22,1,0,12
Annuity(Whole Life Annuity With Guaranteed Installment ),18-22,1,1,2
Annuity(Whole Life Annuity With Guaranteed Installment ),18-22,1,5,1
Annuity(Whole Life Annuity With Guaranteed Installment ),18-22,2,0,8
Annuity(Whole Life Annuity With Guaranteed Installment ),18-22,2,1,1
Annuity(Whole Life Annuity With Guaranteed Installment ),23-30,1,0,48
Annuity(Whole Life Annuity With Guaranteed Installment ),23-30,1,1,7
Annuity(Whole Life Annuity With Guaranteed Installment ),23-30,1,2,3
Annuity(Whole Life Annuity With Guaranteed Installment ),23-30,1,3,1
Annuity(Whole Life Annuity With Guaranteed Installment ),23-30,1,5,1
Annuity(Whole Life Annuity With Guaranteed Installment ),23-30,2,0,31
Annuity(Whole Life Annuity With Guaranteed Installment ),23-30,2,1,4
Annuity(Whole Life Annuity With Guaranteed Installment ),23-30,2,2,1
Annuity(Whole Life Annuity With Guaranteed Installment ),23-30,2,3,1
Annuity(Whole Life Annuity With Guaranteed Installment ),23-30,2,4,2
Annuity(Whole Life Annuity With Guaranteed Installment ),23-30,2,15,1
Annuity(Whole Life Annuity With Guaranteed Installment ),31-40,1,0,36
Annuity(Whole Life Annuity With Guaranteed Installment ),31-40,1,1,4
Annuity(Whole Life Annuity With Guaranteed Installment ),31-40,1,2,1
Annuity(Whole Life Annuity With Guaranteed Installment ),31-40,1,3,4
Annuity(Whole Life Annuity With Guaranteed Installment ),31-40,1,4,2
Annuity(Whole Life Annuity With Guaranteed Installment ),31-40,1,13,1
Annuity(Whole Life Annuity With Guaranteed Installment ),31-40,2,0,29
Annuity(Whole Life Annuity With Guaranteed Installment ),41-50,1,0,32
Annuity(Whole Life Annuity With Guaranteed Installment ),41-50,1,1,2
Annuity(Whole Life Annuity With Guaranteed Installment ),41-50,1,3,1
Annuity(Whole Life Annuity With Guaranteed Installment ),41-50,1,6,1
Annuity(Whole Life Annuity With Guaranteed Installment ),41-50,2,0,25
Annuity(Whole Life Annuity With Guaranteed Installment ),41-50,2,1,1
Annuity(Whole Life Annuity With Guaranteed Installment ),41-50,2,2,3
Annuity(Whole Life Annuity With Guaranteed Installment ),51-60,1,0,14
Annuity(Whole Life Annuity With Guaranteed Installment ),51-60,1,1,1
Annuity(Whole Life Annuity With Guaranteed Installment ),51-60,2,0,16
Annuity(Whole Life Annuity With Guaranteed Installment ),51-60,2,1,2
Annuity(Whole Life Annuity With Guaranteed Installment ),51-60,2,2,1
Annuity(Whole Life Annuity With Guaranteed Installment ),61-64,1,0,4
Annuity(Whole Life Annuity With Guaranteed Installment ),61-64,2,0,2
Annuity(Whole Life Annuity With Guaranteed Installment ),greater than 64,1,0,2
Annuity(Whole Life Annuity With Guaranteed Installment ),greater than 64,1,2,1
Annuity(Whole Life Annuity With Guaranteed Installment ),greater than 64,2,0,3
Cancer,18-22,1,0,9492
Cancer,18-22,2,0,5863
Cancer,23-30,1,0,50157
Cancer,23-30,2,0,22168
Cancer,31-40,1,0,50751
Cancer,31-40,2,0,20864
Cancer,41-50,0,0,4
Cancer,41-50,1,0,46480
Cancer,41-50,2,0,19946
Cancer,41-50,3,0,1
Cancer,51-60,0,0,1
Cancer,51-60,1,0,28900
Cancer,51-60,2,0,13831
Cancer,61-64,1,0,3260
Cancer,61-64,2,0,2319
Cancer,greater than 64,1,0,2796
Cancer,greater than 64,2,0,2461
Dread Disease T.L.,18-22,1,0,56
Dread Disease T.L.,18-22,2,0,48
Dread Disease T.L.,23-30,1,0,601
Dread Disease T.L.,23-30,2,0,290
Dread Disease T.L.,31-40,1,0,1195
Dread Disease T.L.,31-40,2,0,515
Dread Disease T.L.,41-50,1,0,896
Dread Disease T.L.,41-50,2,0,466
Dread Disease T.L.,41-50,3,0,1
Dread Disease T.L.,51-60,1,0,395
Dread Disease T.L.,51-60,2,0,286
Dread Disease T.L.,61-64,1,0,43
Dread Disease T.L.,61-64,2,0,39
Dread Disease T.L.,greater than 64,1,0,21
Dread Disease T.L.,greater than 64,2,0,19
Dread Disease W.L.,18-22,1,0,964
Dread Disease W.L.,18-22,1,1,87
Dread Disease W.L.,18-22,1,2,43
Dread Disease W.L.,18-22,1,3,28
Dread Disease W.L.,18-22,1,4,17
Dread Disease W.L.,18-22,1,5,8
Dread Disease W.L.,18-22,1,6,6
Dread Disease W.L.,18-22,1,7,5
Dread Disease W.L.,18-22,1,8,5
Dread Disease W.L.,18-22,1,9,3
Dread Disease W.L.,18-22,1,10,1
Dread Disease W.L.,18-22,1,11,2
Dread Disease W.L.,18-22,1,12,1
Dread Disease W.L.,18-22,2,0,701
Dread Disease W.L.,18-22,2,1,63
Dread Disease W.L.,18-22,2,2,19
Dread Disease W.L.,18-22,2,3,14
Dread Disease W.L.,18-22,2,4,7
Dread Disease W.L.,18-22,2,5,3
Dread Disease W.L.,18-22,2,6,3
Dread Disease W.L.,18-22,2,8,1
Dread Disease W.L.,18-22,2,9,1
Dread Disease W.L.,18-22,2,10,2
Dread Disease W.L.,18-22,2,13,1
Dread Disease W.L.,18-22,2,14,1
Dread Disease W.L.,23-30,1,0,4330
Dread Disease W.L.,23-30,1,1,335
Dread Disease W.L.,23-30,1,2,132
Dread Disease W.L.,23-30,1,3,67
Dread Disease W.L.,23-30,1,4,56
Dread Disease W.L.,23-30,1,5,37
Dread Disease W.L.,23-30,1,6,19
Dread Disease W.L.,23-30,1,7,11
Dread Disease W.L.,23-30,1,8,12
Dread Disease W.L.,23-30,1,9,10
Dread Disease W.L.,23-30,1,10,8
Dread Disease W.L.,23-30,1,11,5
Dread Disease W.L.,23-30,1,12,1
Dread Disease W.L.,23-30,1,13,1
Dread Disease W.L.,23-30,1,14,1
Dread Disease W.L.,23-30,1,15,1
Dread Disease W.L.,23-30,1,18,1
Dread Disease W.L.,23-30,1,19,1
Dread Disease W.L.,23-30,2,0,2625
Dread Disease W.L.,23-30,2,1,143
Dread Disease W.L.,23-30,2,2,80
Dread Disease W.L.,23-30,2,3,32
Dread Disease W.L.,23-30,2,4,27
Dread Disease W.L.,23-30,2,5,13
Dread Disease W.L.,23-30,2,6,8
Dread Disease W.L.,23-30,2,7,4
Dread Disease W.L.,23-30,2,8,5
Dread Disease W.L.,23-30,2,9,3
Dread Disease W.L.,23-30,2,10,1
Dread Disease W.L.,23-30,2,11,2
Dread Disease W.L.,23-30,2,14,1
Dread Disease W.L.,31-40,1,0,4269
Dread Disease W.L.,31-40,1,1,382
Dread Disease W.L.,31-40,1,2,162
Dread Disease W.L.,31-40,1,3,107
Dread Disease W.L.,31-40,1,4,54
Dread Disease W.L.,31-40,1,5,41
Dread Disease W.L.,31-40,1,6,17
Dread Disease W.L.,31-40,1,7,9
Dread Disease W.L.,31-40,1,8,9
Dread Disease W.L.,31-40,1,9,8
Dread Disease W.L.,31-40,1,10,4
Dread Disease W.L.,31-40,1,11,7
Dread Disease W.L.,31-40,1,12,4
Dread Disease W.L.,31-40,1,13,2
Dread Disease W.L.,31-40,1,14,1
Dread Disease W.L.,31-40,1,15,1
Dread Disease W.L.,31-40,1,17,1
Dread Disease W.L.,31-40,1,18,2
Dread Disease W.L.,31-40,1,20,1
Dread Disease W.L.,31-40,2,0,2308
Dread Disease W.L.,31-40,2,1,178
Dread Disease W.L.,31-40,2,2,75
Dread Disease W.L.,31-40,2,3,38
Dread Disease W.L.,31-40,2,4,25
Dread Disease W.L.,31-40,2,5,13
Dread Disease W.L.,31-40,2,6,8
Dread Disease W.L.,31-40,2,7,3
Dread Disease W.L.,31-40,2,8,4
Dread Disease W.L.,31-40,2,9,4
Dread Disease W.L.,31-40,2,10,4
Dread Disease W.L.,31-40,2,11,1
Dread Disease W.L.,31-40,2,12,2
Dread Disease W.L.,31-40,2,13,1
Dread Disease W.L.,31-40,2,15,2
Dread Disease W.L.,41-50,1,0,2404
Dread Disease W.L.,41-50,1,1,232
Dread Disease W.L.,41-50,1,2,103
Dread Disease W.L.,41-50,1,3,63
Dread Disease W.L.,41-50,1,4,29
Dread Disease W.L.,41-50,1,5,22
Dread Disease W.L.,41-50,1,6,13
Dread Disease W.L.,41-50,1,7,8
Dread Disease W.L.,41-50,1,8,6
Dread Disease W.L.,41-50,1,9,3
Dread Disease W.L.,41-50,1,10,2
Dread Disease W.L.,41-50,1,11,3
Dread Disease W.L.,41-50,1,12,2
Dread Disease W.L.,41-50,1,13,1
Dread Disease W.L.,41-50,1,15,1
Dread Disease W.L.,41-50,2,0,1602
Dread Disease W.L.,41-50,2,1,147
Dread Disease W.L.,41-50,2,2,58
Dread Disease W.L.,41-50,2,3,31
Dread Disease W.L.,41-50,2,4,18
Dread Disease W.L.,41-50,2,5,11
Dread Disease W.L.,41-50,2,6,6
Dread Disease W.L.,41-50,2,7,3
Dread Disease W.L.,41-50,2,8,2
Dread Disease W.L.,41-50,2,9,2
Dread Disease W.L.,41-50,2,10,2
Dread Disease W.L.,41-50,2,11,1
Dread Disease W.L.,41-50,2,12,3
Dread Disease W.L.,41-50,2,13,1
Dread Disease W.L.,41-50,2,15,1
Dread Disease W.L.,41-50,2,19,1
Dread Disease W.L.,41-50,2,24,1
Dread Disease W.L.,51-60,1,0,1427
Dread Disease W.L.,51-60,1,1,137
Dread Disease W.L.,51-60,1,2,59
Dread Disease W.L.,51-60,1,3,30
Dread Disease W.L.,51-60,1,4,25
Dread Disease W.L.,51-60,1,5,6
Dread Disease W.L.,51-60,1,6,10
Dread Disease W.L.,51-60,1,7,2
Dread Disease W.L.,51-60,1,8,2
Dread Disease W.L.,51-60,1,9,4
Dread Disease W.L.,51-60,1,10,3
Dread Disease W.L.,51-60,1,11,1
Dread Disease W.L.,51-60,1,12,1
Dread Disease W.L.,51-60,1,13,2
Dread Disease W.L.,51-60,1,15,1
Dread Disease W.L.,51-60,2,0,1137
Dread Disease W.L.,51-60,2,1,94
Dread Disease W.L.,51-60,2,2,33
Dread Disease W.L.,51-60,2,3,11
Dread Disease W.L.,51-60,2,4,16
Dread Disease W.L.,51-60,2,5,7
Dread Disease W.L.,51-60,2,6,6
Dread Disease W.L.,51-60,2,7,3
Dread Disease W.L.,51-60,2,8,2
Dread Disease W.L.,51-60,2,9,2
Dread Disease W.L.,51-60,2,10,1
Dread Disease W.L.,51-60,2,15,1
Dread Disease W.L.,61-64,1,0,151
Dread Disease W.L.,61-64,1,1,12
Dread Disease W.L.,61-64,1,2,6
Dread Disease W.L.,61-64,1,3,2
Dread Disease W.L.,61-64,1,4,4
Dread Disease W.L.,61-64,1,5,2
Dread Disease W.L.,61-64,1,6,2
Dread Disease W.L.,61-64,2,0,152
Dread Disease W.L.,61-64,2,1,13
Dread Disease W.L.,61-64,2,2,5
Dread Disease W.L.,61-64,2,3,2
Dread Disease W.L.,61-64,2,5,2
Dread Disease W.L.,61-64,2,8,1
Dread Disease W.L.,greater than 64,1,0,90
Dread Disease W.L.,greater than 64,1,1,6
Dread Disease W.L.,greater than 64,1,2,3
Dread Disease W.L.,greater than 64,1,3,2
Dread Disease W.L.,greater than 64,1,4,2
Dread Disease W.L.,greater than 64,1,6,1
Dread Disease W.L.,greater than 64,2,0,109
Dread Disease W.L.,greater than 64,2,1,7
Dread Disease W.L.,greater than 64,2,2,7
Dread Disease W.L.,greater than 64,2,3,1
Dread Disease W.L.,greater than 64,2,4,1
Dread Disease W.L.,greater than 64,2,5,1
Dread Disease W.L.,greater than 64,2,6,1
Dread Disease W.L.,greater than 64,2,10,1
Endowment,18-22,1,0,229
Endowment,18-22,1,1,18
Endowment,18-22,1,2,11
Endowment,18-22,1,3,2
Endowment,18-22,1,4,3
Endowment,18-22,1,5,1
Endowment,18-22,1,15,1
Endowment,18-22,2,0,241
Endowment,18-22,2,1,24
Endowment,18-22,2,2,14
Endowment,18-22,2,3,3
Endowment,18-22,2,5,2
Endowment,18-22,2,6,1
Endowment,18-22,2,7,1
Endowment,18-22,2,9,1
Endowment,18-22,2,12,2
Endowment,18-22,2,15,1
Endowment,23-30,1,0,801
Endowment,23-30,1,1,37
Endowment,23-30,1,2,16
Endowment,23-30,1,3,7
Endowment,23-30,1,4,11
Endowment,23-30,1,5,3
Endowment,23-30,1,6,2
Endowment,23-30,1,7,4
Endowment,23-30,1,9,2
Endowment,23-30,1,11,1
Endowment,23-30,1,12,1
Endowment,23-30,1,15,1
Endowment,23-30,1,20,1
Endowment,23-30,2,0,770
Endowment,23-30,2,1,31
Endowment,23-30,2,2,16
Endowment,23-30,2,3,7
Endowment,23-30,2,4,4
Endowment,23-30,2,5,1
Endowment,23-30,2,6,3
Endowment,23-30,2,7,1
Endowment,23-30,2,8,1
Endowment,23-30,2,14,1
Endowment,23-30,2,18,1
Endowment,31-40,1,0,1502
Endowment,31-40,1,1,80
Endowment,31-40,1,2,24
Endowment,31-40,1,3,13
Endowment,31-40,1,4,10
Endowment,31-40,1,5,3
Endowment,31-40,1,6,2
Endowment,31-40,1,7,1
Endowment,31-40,1,8,1
Endowment,31-40,1,10,1
Endowment,31-40,1,13,1
Endowment,31-40,1,24,2
Endowment,31-40,2,0,1089
Endowment,31-40,2,1,39
Endowment,31-40,2,2,20
Endowment,31-40,2,3,11
Endowment,31-40,2,4,7
Endowment,31-40,2,5,4
Endowment,31-40,2,6,2
Endowment,31-40,2,7,2
Endowment,31-40,2,8,2
Endowment,31-40,2,9,4
Endowment,31-40,2,10,3
Endowment,31-40,2,12,1
Endowment,31-40,2,15,1
Endowment,31-40,2,16,1
Endowment,31-40,3,0,1
Endowment,41-50,1,0,2164
Endowment,41-50,1,1,118
Endowment,41-50,1,2,32
Endowment,41-50,1,3,12
Endowment,41-50,1,4,12
Endowment,41-50,1,5,3
Endowment,41-50,1,6,2
Endowment,41-50,1,7,2
Endowment,41-50,1,8,2
Endowment,41-50,1,9,2
Endowment,41-50,1,12,1
Endowment,41-50,1,15,1
Endowment,41-50,1,18,1
Endowment,41-50,2,0,947
Endowment,41-50,2,1,43
Endowment,41-50,2,2,18
Endowment,41-50,2,3,18
Endowment,41-50,2,4,5
Endowment,41-50,2,5,6
Endowment,41-50,2,6,1
Endowment,41-50,2,7,4
Endowment,41-50,2,10,1
Endowment,41-50,2,18,1
Endowment,41-50,3,0,7
Endowment,51-60,1,0,1546
Endowment,51-60,1,1,49
Endowment,51-60,1,2,22
Endowment,51-60,1,3,12
Endowment,51-60,1,4,4
Endowment,51-60,1,5,3
Endowment,51-60,1,8,2
Endowment,51-60,1,9,2
Endowment,51-60,2,0,659
Endowment,51-60,2,1,26
Endowment,51-60,2,2,11
Endowment,51-60,2,3,5
Endowment,51-60,2,4,1
Endowment,51-60,2,5,4
Endowment,51-60,2,7,2
Endowment,51-60,2,8,1
Endowment,51-60,2,13,1
Endowment,61-64,1,0,421
Endowment,61-64,1,1,3
Endowment,61-64,1,2,4
Endowment,61-64,1,3,1
Endowment,61-64,1,5,2
Endowment,61-64,2,0,187
Endowment,61-64,2,1,19
Endowment,61-64,2,2,3
Endowment,61-64,2,3,2
Endowment,61-64,2,5,1
Endowment,61-64,2,7,1
Endowment,greater than 64,1,0,368
Endowment,greater than 64,1,1,21
Endowment,greater than 64,1,2,13
Endowment,greater than 64,1,4,1
Endowment,greater than 64,1,6,1
Endowment,greater than 64,1,7,1
Endowment,greater than 64,2,0,261
Endowment,greater than 64,2,1,9
Endowment,greater than 64,2,2,1
Endowment,greater than 64,2,3,1
Endowment,greater than 64,2,4,2
Female Disease,18-22,1,0,33
Female Disease,18-22,2,0,3710
Female Disease,23-30,1,0,936
Female Disease,23-30,2,0,14549
Female Disease,31-40,1,0,1361
Female Disease,31-40,2,0,8695
Female Disease,41-50,1,0,1413
Female Disease,41-50,2,0,4640
Female Disease,51-60,1,0,743
Female Disease,51-60,2,0,2079
Female Disease,61-64,1,0,55
Female Disease,61-64,2,0,317
Female Disease,greater than 64,1,0,54
Female Disease,greater than 64,2,0,105
Inc. Dec. Term Life,18-22,1,0,1
Inc. Dec. Term Life,23-30,1,0,9
Inc. Dec. Term Life,23-30,1,1,2
Inc. Dec. Term Life,23-30,1,2,1
Inc. Dec. Term Life,23-30,1,3,1
Inc. Dec. Term Life,23-30,2,0,5
Inc. Dec. Term Life,31-40,1,0,40
Inc. Dec. Term Life,31-40,1,1,3
Inc. Dec. Term Life,31-40,2,0,9
Inc. Dec. Term Life,31-40,2,1,1
Inc. Dec. Term Life,41-50,1,0,84
Inc. Dec. Term Life,41-50,1,1,3
Inc. Dec. Term Life,41-50,2,0,16
Inc. Dec. Term Life,41-50,2,1,1
Inc. Dec. Term Life,41-50,3,0,4
Inc. Dec. Term Life,51-60,1,0,129
Inc. Dec. Term Life,51-60,1,1,7
Inc. Dec. Term Life,51-60,1,3,1
Inc. Dec. Term Life,51-60,2,0,24
Inc. Dec. Term Life,61-64,1,0,47
Inc. Dec. Term Life,61-64,1,1,2
Inc. Dec. Term Life,61-64,2,0,9
Inc. Dec. Term Life,greater than 64,1,0,46
Inc. Dec. Term Life,greater than 64,2,0,2
Injury,23-30,1,0,9
Injury,23-30,1,1,1
Injury,23-30,2,0,1
Injury,31-40,1,0,170
Injury,31-40,1,1,1
Injury,31-40,2,0,10
Injury,31-40,2,1,1
Injury,41-50,1,0,218
Injury,41-50,1,1,1
Injury,41-50,2,0,26
Injury,41-50,2,1,2
Injury,51-60,1,0,361
Injury,51-60,1,1,9
Injury,51-60,1,2,4
Injury,51-60,1,6,1
Injury,51-60,2,0,7
Injury,51-60,2,3,1
Injury,61-64,1,0,78
Injury,61-64,1,1,3
Injury,61-64,2,0,3
Injury,greater than 64,1,0,62
Injury,greater than 64,1,1,2
Injury,greater than 64,1,3,3
Injury,greater than 64,2,0,10
J.M.I.P,18-22,1,0,4
J.M.I.P,18-22,2,0,2
J.M.I.P,23-30,1,0,25
J.M.I.P,23-30,1,1,3
J.M.I.P,23-30,1,2,1
J.M.I.P,23-30,1,6,1
J.M.I.P,23-30,2,0,4
J.M.I.P,23-30,2,2,1
J.M.I.P,31-40,1,0,48
J.M.I.P,31-40,1,1,9
J.M.I.P,31-40,1,4,2
J.M.I.P,31-40,1,9,1
J.M.I.P,31-40,2,0,24
J.M.I.P,31-40,2,2,1
J.M.I.P,41-50,1,0,63
J.M.I.P,41-50,1,1,4
J.M.I.P,41-50,1,10,1
J.M.I.P,41-50,2,0,39
J.M.I.P,41-50,2,1,7
J.M.I.P,41-50,2,4,2
J.M.I.P,51-60,1,0,24
J.M.I.P,51-60,1,2,1
J.M.I.P,51-60,1,3,1
J.M.I.P,51-60,2,0,25
J.M.I.P,51-60,2,1,3
J.M.I.P,61-64,1,0,8
J.M.I.P,61-64,2,0,6
J.M.I.P,greater than 64,1,0,4
J.M.I.P,greater than 64,2,0,4
Joint life,18-22,1,0,10
Joint life,18-22,1,1,1
Joint life,18-22,2,0,4
Joint life,23-30,1,0,218
Joint life,23-30,1,1,20
Joint life,23-30,1,2,2
Joint life,23-30,1,3,2
Joint life,23-30,1,4,2
Joint life,23-30,1,6,2
Joint life,23-30,1,9,1
Joint life,23-30,1,12,1
Joint life,23-30,2,0,17
Joint life,23-30,2,1,1
Joint life,23-30,2,3,1
Joint life,31-40,1,0,282
Joint life,31-40,1,1,14
Joint life,31-40,1,2,9
Joint life,31-40,1,4,2
Joint life,31-40,1,5,1
Joint life,31-40,1,6,2
Joint life,31-40,1,7,4
Joint life,31-40,1,8,1
Joint life,31-40,1,9,1
Joint life,31-40,1,12,2
Joint life,31-40,1,15,2
Joint life,31-40,2,0,30
Joint life,31-40,2,1,2
Joint life,31-40,2,2,2
Joint life,41-50,1,0,131
Joint life,41-50,1,1,12
Joint life,41-50,1,2,5
Joint life,41-50,1,3,3
Joint life,41-50,1,4,3
Joint life,41-50,1,5,2
Joint life,41-50,1,6,1
Joint life,41-50,1,9,1
Joint life,41-50,1,12,1
Joint life,41-50,1,13,1
Joint life,41-50,2,0,35
Joint life,41-50,2,1,1
Joint life,41-50,2,2,1
Joint life,41-50,2,4,1
Joint life,51-60,1,0,52
Joint life,51-60,1,1,5
Joint life,51-60,1,2,2
Joint life,51-60,1,3,1
Joint life,51-60,1,4,1
Joint life,51-60,2,0,3
Joint life,51-60,2,2,1
Joint life,61-64,1,0,10
Joint life,61-64,2,0,2
Joint life,61-64,2,1,1
Joint life,greater than 64,1,1,1
Joint life,greater than 64,2,0,2
Joint life(Flexible),18-22,1,0,55
Joint life(Flexible),18-22,1,1,1
Joint life(Flexible),18-22,2,0,22
Joint life(Flexible),18-22,2,1,1
Joint life(Flexible),23-30,1,0,483
Joint life(Flexible),23-30,1,1,26
Joint life(Flexible),23-30,1,2,10
Joint life(Flexible),23-30,1,3,4
Joint life(Flexible),23-30,1,4,4
Joint life(Flexible),23-30,1,6,1
Joint life(Flexible),23-30,1,9,1
Joint life(Flexible),23-30,1,11,1
Joint life(Flexible),23-30,2,0,70
Joint life(Flexible),23-30,2,1,11
Joint life(Flexible),23-30,2,2,2
Joint life(Flexible),23-30,2,3,2
Joint life(Flexible),31-40,1,0,601
Joint life(Flexible),31-40,1,1,42
Joint life(Flexible),31-40,1,2,21
Joint life(Flexible),31-40,1,3,17
Joint life(Flexible),31-40,1,4,4
Joint life(Flexible),31-40,1,5,4
Joint life(Flexible),31-40,1,7,1
Joint life(Flexible),31-40,1,8,2
Joint life(Flexible),31-40,1,9,1
Joint life(Flexible),31-40,1,11,1
Joint life(Flexible),31-40,2,0,191
Joint life(Flexible),31-40,2,1,12
Joint life(Flexible),31-40,2,2,7
Joint life(Flexible),31-40,2,3,3
Joint life(Flexible),31-40,2,4,1
Joint life(Flexible),31-40,2,5,1
Joint life(Flexible),31-40,2,8,2
Joint life(Flexible),31-40,2,9,1
Joint life(Flexible),41-50,1,0,463
Joint life(Flexible),41-50,1,1,29
Joint life(Flexible),41-50,1,2,15
Joint life(Flexible),41-50,1,3,11
Joint life(Flexible),41-50,1,4,5
Joint life(Flexible),41-50,1,5,2
Joint life(Flexible),41-50,1,6,2
Joint life(Flexible),41-50,1,10,1
Joint life(Flexible),41-50,1,13,1
Joint life(Flexible),41-50,2,0,245
Joint life(Flexible),41-50,2,1,11
Joint life(Flexible),41-50,2,2,2
Joint life(Flexible),41-50,2,3,3
Joint life(Flexible),41-50,2,4,1
Joint life(Flexible),41-50,2,7,1
Joint life(Flexible),41-50,2,9,1
Joint life(Flexible),41-50,2,14,1
Joint life(Flexible),51-60,1,0,357
Joint life(Flexible),51-60,1,1,22
Joint life(Flexible),51-60,1,2,10
Joint life(Flexible),51-60,1,3,2
Joint life(Flexible),51-60,1,4,2
Joint life(Flexible),51-60,1,5,1
Joint life(Flexible),51-60,1,7,2
Joint life(Flexible),51-60,1,8,1
Joint life(Flexible),51-60,1,10,1
Joint life(Flexible),51-60,2,0,243
Joint life(Flexible),51-60,2,1,11
Joint life(Flexible),51-60,2,2,12
Joint life(Flexible),51-60,2,4,1
Joint life(Flexible),51-60,2,5,1
Joint life(Flexible),51-60,2,7,1
Joint life(Flexible),51-60,2,16,1
Joint life(Flexible),61-64,1,0,77
Joint life(Flexible),61-64,1,1,3
Joint life(Flexible),61-64,1,2,2
Joint life(Flexible),61-64,2,0,61
Joint life(Flexible),61-64,2,1,1
Joint life(Flexible),61-64,2,2,2
Joint life(Flexible),61-64,2,6,1
Joint life(Flexible),greater than 64,1,0,144
Joint life(Flexible),greater than 64,1,1,14
Joint life(Flexible),greater than 64,1,2,4
Joint life(Flexible),greater than 64,1,3,2
Joint life(Flexible),greater than 64,1,4,1
Joint life(Flexible),greater than 64,2,0,195
Joint life(Flexible),greater than 64,2,1,12
Joint life(Flexible),greater than 64,2,2,4
Joint life(Flexible),greater than 64,2,3,2
Joint life(Flexible),greater than 64,2,4,2
Joint life(Flexible),greater than 64,2,5,1
Juvenile,18-22,1,0,372
Juvenile,18-22,1,1,59
Juvenile,18-22,1,2,16
Juvenile,18-22,1,3,15
Juvenile,18-22,1,4,6
Juvenile,18-22,1,5,6
Juvenile,18-22,1,6,8
Juvenile,18-22,1,8,2
Juvenile,18-22,1,9,1
Juvenile,18-22,1,10,3
Juvenile,18-22,1,12,1
Juvenile,18-22,1,18,1
Juvenile,18-22,2,0,280
Juvenile,18-22,2,1,43
Juvenile,18-22,2,2,25
Juvenile,18-22,2,3,18
Juvenile,18-22,2,4,9
Juvenile,18-22,2,5,8
Juvenile,18-22,2,6,7
Juvenile,18-22,2,7,7
Juvenile,18-22,2,8,4
Juvenile,18-22,2,9,3
Juvenile,18-22,2,10,1
Juvenile,18-22,2,15,1
Juvenile,23-30,1,0,4808
Juvenile,23-30,1,1,461
Juvenile,23-30,1,2,221
Juvenile,23-30,1,3,124
Juvenile,23-30,1,4,76
Juvenile,23-30,1,5,64
Juvenile,23-30,1,6,39
Juvenile,23-30,1,7,34
Juvenile,23-30,1,8,19
Juvenile,23-30,1,9,10
Juvenile,23-30,1,10,15
Juvenile,23-30,1,11,13
Juvenile,23-30,1,12,7
Juvenile,23-30,1,13,6
Juvenile,23-30,1,14,3
Juvenile,23-30,1,15,5
Juvenile,23-30,1,17,6
Juvenile,23-30,1,18,2
Juvenile,23-30,1,22,1
Juvenile,23-30,1,24,1
Juvenile,23-30,1,30,1
Juvenile,23-30,2,0,2267
Juvenile,23-30,2,1,274
Juvenile,23-30,2,2,140
Juvenile,23-30,2,3,88
Juvenile,23-30,2,4,56
Juvenile,23-30,2,5,59
Juvenile,23-30,2,6,28
Juvenile,23-30,2,7,27
Juvenile,23-30,2,8,17
Juvenile,23-30,2,9,10
Juvenile,23-30,2,10,16
Juvenile,23-30,2,11,7
Juvenile,23-30,2,12,7
Juvenile,23-30,2,13,2
Juvenile,23-30,2,14,1
Juvenile,23-30,2,15,1
Juvenile,23-30,2,16,4
Juvenile,31-40,1,0,6009
Juvenile,31-40,1,1,578
Juvenile,31-40,1,2,258
Juvenile,31-40,1,3,161
Juvenile,31-40,1,4,109
Juvenile,31-40,1,5,86
Juvenile,31-40,1,6,57
Juvenile,31-40,1,7,42
Juvenile,31-40,1,8,25
Juvenile,31-40,1,9,22
Juvenile,31-40,1,10,18
Juvenile,31-40,1,11,8
Juvenile,31-40,1,12,5
Juvenile,31-40,1,13,6
Juvenile,31-40,1,14,7
Juvenile,31-40,1,15,5
Juvenile,31-40,1,17,1
Juvenile,31-40,1,18,1
Juvenile,31-40,1,19,4
Juvenile,31-40,1,21,3
Juvenile,31-40,2,0,2409
Juvenile,31-40,2,1,260
Juvenile,31-40,2,2,139
Juvenile,31-40,2,3,97
Juvenile,31-40,2,4,69
Juvenile,31-40,2,5,38
Juvenile,31-40,2,6,24
Juvenile,31-40,2,7,20
Juvenile,31-40,2,8,16
Juvenile,31-40,2,9,8
Juvenile,31-40,2,10,8
Juvenile,31-40,2,11,3
Juvenile,31-40,2,12,4
Juvenile,31-40,2,13,4
Juvenile,31-40,2,14,3
Juvenile,31-40,2,17,1
Juvenile,31-40,2,18,1
Juvenile,41-50,1,0,1098
Juvenile,41-50,1,1,133
Juvenile,41-50,1,2,73
Juvenile,41-50,1,3,46
Juvenile,41-50,1,4,22
Juvenile,41-50,1,5,15
Juvenile,41-50,1,6,22
Juvenile,41-50,1,7,10
Juvenile,41-50,1,8,10
Juvenile,41-50,1,9,2
Juvenile,41-50,1,10,3
Juvenile,41-50,1,12,3
Juvenile,41-50,1,13,3
Juvenile,41-50,1,15,1
Juvenile,41-50,1,16,1
Juvenile,41-50,2,0,390
Juvenile,41-50,2,1,50
Juvenile,41-50,2,2,29
Juvenile,41-50,2,3,14
Juvenile,41-50,2,4,7
Juvenile,41-50,2,5,8
Juvenile,41-50,2,6,7
Juvenile,41-50,2,7,3
Juvenile,41-50,2,8,1
Juvenile,41-50,2,9,1
Juvenile,41-50,2,10,1
Juvenile,41-50,2,11,1
Juvenile,41-50,2,12,2
Juvenile,51-60,1,0,226
Juvenile,51-60,1,1,18
Juvenile,51-60,1,2,7
Juvenile,51-60,1,3,7
Juvenile,51-60,1,4,4
Juvenile,51-60,1,5,2
Juvenile,51-60,1,6,2
Juvenile,51-60,1,7,1
Juvenile,51-60,1,10,1
Juvenile,51-60,2,0,401
Juvenile,51-60,2,1,33
Juvenile,51-60,2,2,22
Juvenile,51-60,2,3,10
Juvenile,51-60,2,4,5
Juvenile,51-60,2,5,2
Juvenile,51-60,2,6,2
Juvenile,51-60,2,7,2
Juvenile,51-60,2,9,2
Juvenile,61-64,1,0,52
Juvenile,61-64,1,1,6
Juvenile,61-64,1,2,2
Juvenile,61-64,1,5,2
Juvenile,61-64,1,6,1
Juvenile,61-64,1,12,2
Juvenile,61-64,2,0,114
Juvenile,61-64,2,1,10
Juvenile,61-64,2,2,2
Juvenile,61-64,2,4,2
Juvenile,61-64,2,6,1
Juvenile,greater than 64,1,0,10
Juvenile,greater than 64,1,1,2
Juvenile,greater than 64,1,2,2
Juvenile,greater than 64,1,21,1
Juvenile,greater than 64,2,0,29
Juvenile,greater than 64,2,1,1
Juvenile,greater than 64,2,2,2
Maternity Insurance(or New Pregnant Woman Insurance),23-30,1,0,2
Maternity Insurance(or New Pregnant Woman Insurance),23-30,2,0,3
Maternity Insurance(or New Pregnant Woman Insurance),31-40,2,0,3
Medical,18-22,1,0,24144
Medical,18-22,1,1,30
Medical,18-22,1,2,15
Medical,18-22,1,3,8
Medical,18-22,1,4,2
Medical,18-22,1,5,2
Medical,18-22,1,7,1
Medical,18-22,2,0,27510
Medical,18-22,2,1,24
Medical,18-22,2,2,7
Medical,18-22,2,3,3
Medical,18-22,2,4,3
Medical,18-22,2,5,1
Medical,18-22,2,7,1
Medical,23-30,1,0,110458
Medical,23-30,1,1,100
Medical,23-30,1,2,41
Medical,23-30,1,3,20
Medical,23-30,1,4,11
Medical,23-30,1,5,9
Medical,23-30,1,6,2
Medical,23-30,1,8,1
Medical,23-30,1,9,1
Medical,23-30,2,0,115133
Medical,23-30,2,1,53
Medical,23-30,2,2,21
Medical,23-30,2,3,9
Medical,23-30,2,4,3
Medical,23-30,2,5,2
Medical,31-40,1,0,132764
Medical,31-40,1,1,141
Medical,31-40,1,2,64
Medical,31-40,1,3,33
Medical,31-40,1,4,23
Medical,31-40,1,5,8
Medical,31-40,1,6,5
Medical,31-40,1,7,4
Medical,31-40,1,8,2
Medical,31-40,2,0,116156
Medical,31-40,2,1,81
Medical,31-40,2,2,34
Medical,31-40,2,3,21
Medical,31-40,2,4,11
Medical,31-40,2,5,3
Medical,31-40,2,6,2
Medical,31-40,2,7,1
Medical,31-40,2,8,1
Medical,41-50,1,0,95212
Medical,41-50,1,1,98
Medical,41-50,1,2,49
Medical,41-50,1,3,29
Medical,41-50,1,4,14
Medical,41-50,1,5,5
Medical,41-50,1,6,6
Medical,41-50,1,7,1
Medical,41-50,1,8,1
Medical,41-50,1,9,1
Medical,41-50,2,0,78386
Medical,41-50,2,1,88
Medical,41-50,2,2,33
Medical,41-50,2,3,17
Medical,41-50,2,4,9
Medical,41-50,2,5,4
Medical,41-50,2,6,1
Medical,41-50,2,9,1
Medical,41-50,2,12,1
Medical,41-50,3,0,1
Medical,51-60,1,0,60725
Medical,51-60,1,1,62
Medical,51-60,1,2,24
Medical,51-60,1,3,17
Medical,51-60,1,4,10
Medical,51-60,1,5,2
Medical,51-60,1,6,3
Medical,51-60,2,0,56284
Medical,51-60,2,1,65
Medical,51-60,2,2,26
Medical,51-60,2,3,12
Medical,51-60,2,4,12
Medical,51-60,2,7,1
Medical,51-60,2,11,1
Medical,51-60,3,0,2
Medical,61-64,1,0,12419
Medical,61-64,1,1,14
Medical,61-64,1,2,4
Medical,61-64,1,4,2
Medical,61-64,2,0,15032
Medical,61-64,2,1,21
Medical,61-64,2,2,10
Medical,61-64,2,3,2
Medical,61-64,2,5,2
Medical,greater than 64,1,0,10016
Medical,greater than 64,1,1,10
Medical,greater than 64,1,2,3
Medical,greater than 64,1,3,5
Medical,greater than 64,1,4,2
Medical,greater than 64,2,0,15630
Medical,greater than 64,2,1,26
Medical,greater than 64,2,2,10
Medical,greater than 64,2,3,2
Medical,greater than 64,3,0,1
Medical（Coins） ,31-40,2,0,1
Medical（Coins） ,41-50,1,0,2
Medical（Coins） ,41-50,2,0,2
Medical（Coins） ,51-60,1,0,2
Medical（Coins） ,51-60,2,0,4
Medical（Coins） ,61-64,1,0,3
Medical（Coins） ,61-64,2,0,1
Medical（Coins） ,greater than 64,1,0,1
M.I.P,18-22,1,0,651
M.I.P,18-22,2,0,123
M.I.P,23-30,1,0,16072
M.I.P,23-30,2,0,2337
M.I.P,31-40,1,0,27350
M.I.P,31-40,2,0,4244
M.I.P,41-50,1,0,12150
M.I.P,41-50,2,0,2015
M.I.P,51-60,1,0,3623
M.I.P,51-60,2,0,703
M.I.P,61-64,1,0,293
M.I.P,61-64,2,0,94
M.I.P,greater than 64,1,0,160
M.I.P,greater than 64,2,0,77
Nursing care,18-22,1,0,10
Nursing care,18-22,2,0,15
Nursing care,23-30,1,0,110
Nursing care,23-30,2,0,27
Nursing care,31-40,1,0,144
Nursing care,31-40,2,0,49
Nursing care,41-50,1,0,90
Nursing care,41-50,2,0,60
Nursing care,51-60,1,0,50
Nursing care,51-60,2,0,68
Nursing care,61-64,1,0,18
Nursing care,61-64,2,0,9
Nursing care,greater than 64,1,0,4
Nursing care,greater than 64,2,0,2
Term life,18-22,1,0,2157
Term life,18-22,1,1,20
Term life,18-22,1,2,3
Term life,18-22,1,3,2
Term life,18-22,1,7,1
Term life,18-22,2,0,1039
Term life,18-22,2,1,1
Term life,18-22,2,2,3
Term life,18-22,2,4,1
Term life,23-30,1,0,14677
Term life,23-30,1,1,84
Term life,23-30,1,2,37
Term life,23-30,1,3,11
Term life,23-30,1,4,10
Term life,23-30,1,5,4
Term life,23-30,1,6,4
Term life,23-30,1,9,1
Term life,23-30,1,10,1
Term life,23-30,2,0,3592
Term life,23-30,2,1,27
Term life,23-30,2,2,5
Term life,23-30,2,3,4
Term life,23-30,2,4,1
Term life,23-30,2,5,2
Term life,23-30,2,6,2
Term life,23-30,2,7,1
Term life,23-30,2,8,1
Term life,31-40,1,0,26221
Term life,31-40,1,1,239
Term life,31-40,1,2,90
Term life,31-40,1,3,37
Term life,31-40,1,4,19
Term life,31-40,1,5,6
Term life,31-40,1,6,6
Term life,31-40,1,7,5
Term life,31-40,1,8,5
Term life,31-40,1,9,2
Term life,31-40,1,10,1
Term life,31-40,1,11,3
Term life,31-40,1,13,1
Term life,31-40,1,17,1
Term life,31-40,2,0,5824
Term life,31-40,2,1,62
Term life,31-40,2,2,21
Term life,31-40,2,3,9
Term life,31-40,2,4,6
Term life,31-40,2,5,6
Term life,31-40,2,6,2
Term life,31-40,2,9,1
Term life,31-40,2,10,1
Term life,31-40,3,0,4
Term life,41-50,0,0,1
Term life,41-50,1,0,20491
Term life,41-50,1,1,318
Term life,41-50,1,2,104
Term life,41-50,1,3,48
Term life,41-50,1,4,24
Term life,41-50,1,5,18
Term life,41-50,1,6,12
Term life,41-50,1,7,5
Term life,41-50,1,8,3
Term life,41-50,1,9,3
Term life,41-50,1,10,2
Term life,41-50,1,11,2
Term life,41-50,1,12,1
Term life,41-50,2,0,5595
Term life,41-50,2,1,83
Term life,41-50,2,2,18
Term life,41-50,2,3,9
Term life,41-50,2,4,3
Term life,41-50,2,5,2
Term life,41-50,2,6,1
Term life,41-50,2,7,4
Term life,41-50,2,13,1
Term life,41-50,3,0,1
Term life,51-60,1,0,12028
Term life,51-60,1,1,297
Term life,51-60,1,2,131
Term life,51-60,1,3,52
Term life,51-60,1,4,27
Term life,51-60,1,5,6
Term life,51-60,1,6,7
Term life,51-60,1,7,2
Term life,51-60,1,8,1
Term life,51-60,1,9,3
Term life,51-60,1,10,1
Term life,51-60,1,11,1
Term life,51-60,2,0,3986
Term life,51-60,2,1,97
Term life,51-60,2,2,31
Term life,51-60,2,3,18
Term life,51-60,2,4,7
Term life,51-60,2,5,4
Term life,51-60,2,6,3
Term life,51-60,2,7,3
Term life,51-60,2,8,2
Term life,51-60,2,9,1
Term life,51-60,2,10,2
Term life,51-60,2,12,1
Term life,51-60,3,0,1
Term life,61-64,1,0,1658
Term life,61-64,1,1,60
Term life,61-64,1,2,17
Term life,61-64,1,3,12
Term life,61-64,1,4,4
Term life,61-64,1,5,1
Term life,61-64,1,7,1
Term life,61-64,1,8,1
Term life,61-64,2,0,841
Term life,61-64,2,1,36
Term life,61-64,2,2,14
Term life,61-64,2,3,7
Term life,61-64,2,4,1
Term life,61-64,2,5,2
Term life,61-64,2,7,2
Term life,61-64,2,10,1
Term life,61-64,2,12,1
Term life,greater than 64,1,0,1426
Term life,greater than 64,1,1,62
Term life,greater than 64,1,2,20
Term life,greater than 64,1,3,8
Term life,greater than 64,1,4,5
Term life,greater than 64,1,5,2
Term life,greater than 64,1,7,1
Term life,greater than 64,1,8,1
Term life,greater than 64,1,9,2
Term life,greater than 64,2,0,969
Term life,greater than 64,2,1,36
Term life,greater than 64,2,2,18
Term life,greater than 64,2,3,6
Term life,greater than 64,2,4,3
Term life,greater than 64,2,5,1
Term life,greater than 64,2,6,2
Term life,greater than 64,2,7,1
Term life,greater than 64,2,9,2
VL Endowment,18-22,1,0,10
VL Endowment,18-22,2,0,10
VL Endowment,23-30,1,0,57
VL Endowment,23-30,2,0,39
VL Endowment,31-40,1,0,198
VL Endowment,31-40,2,0,38
VL Endowment,31-40,3,0,7
VL Endowment,41-50,1,0,96
VL Endowment,41-50,2,0,44
VL Endowment,51-60,1,0,92
VL Endowment,51-60,2,0,27
VL Endowment,61-64,1,0,27
VL Endowment,61-64,2,0,7
VL Endowment,greater than 64,1,0,61
VL Endowment,greater than 64,2,0,9
VL Whole life,18-22,1,0,300
VL Whole life,18-22,2,0,147
VL Whole life,23-30,1,0,2273
VL Whole life,23-30,2,0,872
VL Whole life,31-40,1,0,2893
VL Whole life,31-40,2,0,937
VL Whole life,41-50,1,0,1390
VL Whole life,41-50,2,0,652
VL Whole life,51-60,1,0,640
VL Whole life,51-60,2,0,480
VL Whole life,61-64,1,0,93
VL Whole life,61-64,2,0,106
VL Whole life,greater than 64,1,0,132
VL Whole life,greater than 64,2,0,168
Whole life,18-22,1,0,8332
Whole life,18-22,1,1,666
Whole life,18-22,1,2,296
Whole life,18-22,1,3,153
Whole life,18-22,1,4,86
Whole life,18-22,1,5,56
Whole life,18-22,1,6,38
Whole life,18-22,1,7,29
Whole life,18-22,1,8,16
Whole life,18-22,1,9,9
Whole life,18-22,1,10,12
Whole life,18-22,1,11,3
Whole life,18-22,1,12,8
Whole life,18-22,1,13,7
Whole life,18-22,1,14,1
Whole life,18-22,1,15,3
Whole life,18-22,1,17,4
Whole life,18-22,1,18,2
Whole life,18-22,1,19,1
Whole life,18-22,1,25,1
Whole life,18-22,2,0,5157
Whole life,18-22,2,1,310
Whole life,18-22,2,2,110
Whole life,18-22,2,3,62
Whole life,18-22,2,4,45
Whole life,18-22,2,5,36
Whole life,18-22,2,6,13
Whole life,18-22,2,7,17
Whole life,18-22,2,8,14
Whole life,18-22,2,9,5
Whole life,18-22,2,10,4
Whole life,18-22,2,12,4
Whole life,18-22,2,13,2
Whole life,18-22,2,16,2
Whole life,18-22,2,17,1
Whole life,18-22,2,19,1
Whole life,18-22,2,25,1
Whole life,23-30,1,0,34516
Whole life,23-30,1,1,2449
Whole life,23-30,1,2,1131
Whole life,23-30,1,3,594
Whole life,23-30,1,4,335
Whole life,23-30,1,5,227
Whole life,23-30,1,6,154
Whole life,23-30,1,7,103
Whole life,23-30,1,8,72
Whole life,23-30,1,9,49
Whole life,23-30,1,10,37
Whole life,23-30,1,11,32
Whole life,23-30,1,12,31
Whole life,23-30,1,13,18
Whole life,23-30,1,14,13
Whole life,23-30,1,15,11
Whole life,23-30,1,16,5
Whole life,23-30,1,17,4
Whole life,23-30,1,18,5
Whole life,23-30,1,19,3
Whole life,23-30,1,20,6
Whole life,23-30,1,21,3
Whole life,23-30,1,23,1
Whole life,23-30,1,27,1
Whole life,23-30,1,28,1
Whole life,23-30,2,0,15618
Whole life,23-30,2,1,966
Whole life,23-30,2,2,400
Whole life,23-30,2,3,215
Whole life,23-30,2,4,92
Whole life,23-30,2,5,85
Whole life,23-30,2,6,46
Whole life,23-30,2,7,33
Whole life,23-30,2,8,24
Whole life,23-30,2,9,13
Whole life,23-30,2,10,13
Whole life,23-30,2,11,5
Whole life,23-30,2,12,12
Whole life,23-30,2,13,3
Whole life,23-30,2,14,6
Whole life,23-30,2,15,1
Whole life,23-30,2,16,2
Whole life,23-30,2,20,2
Whole life,23-30,2,21,2
Whole life,23-30,2,25,1
Whole life,23-30,2,27,1
Whole life,23-30,2,33,1
Whole life,31-40,1,0,35531
Whole life,31-40,1,1,3015
Whole life,31-40,1,2,1451
Whole life,31-40,1,3,779
Whole life,31-40,1,4,456
Whole life,31-40,1,5,317
Whole life,31-40,1,6,194
Whole life,31-40,1,7,122
Whole life,31-40,1,8,106
Whole life,31-40,1,9,67
Whole life,31-40,1,10,45
Whole life,31-40,1,11,37
Whole life,31-40,1,12,31
Whole life,31-40,1,13,23
Whole life,31-40,1,14,17
Whole life,31-40,1,15,10
Whole life,31-40,1,16,8
Whole life,31-40,1,17,10
Whole life,31-40,1,18,6
Whole life,31-40,1,19,2
Whole life,31-40,1,20,6
Whole life,31-40,1,21,4
Whole life,31-40,1,22,6
Whole life,31-40,1,23,2
Whole life,31-40,1,24,1
Whole life,31-40,1,25,4
Whole life,31-40,1,26,1
Whole life,31-40,2,0,16311
Whole life,31-40,2,1,1161
Whole life,31-40,2,2,557
Whole life,31-40,2,3,319
Whole life,31-40,2,4,168
Whole life,31-40,2,5,104
Whole life,31-40,2,6,72
Whole life,31-40,2,7,49
Whole life,31-40,2,8,30
Whole life,31-40,2,9,30
Whole life,31-40,2,10,16
Whole life,31-40,2,11,9
Whole life,31-40,2,12,6
Whole life,31-40,2,13,6
Whole life,31-40,2,14,5
Whole life,31-40,2,15,2
Whole life,31-40,2,16,2
Whole life,31-40,2,17,3
Whole life,31-40,2,18,2
Whole life,31-40,2,19,1
Whole life,31-40,2,23,1
Whole life,31-40,2,25,2
Whole life,31-40,2,28,1
Whole life,31-40,3,0,2
Whole life,41-50,1,0,22153
Whole life,41-50,1,1,2063
Whole life,41-50,1,2,959
Whole life,41-50,1,3,498
Whole life,41-50,1,4,327
Whole life,41-50,1,5,196
Whole life,41-50,1,6,147
Whole life,41-50,1,7,86
Whole life,41-50,1,8,56
Whole life,41-50,1,9,58
Whole life,41-50,1,10,29
Whole life,41-50,1,11,23
Whole life,41-50,1,12,17
Whole life,41-50,1,13,13
Whole life,41-50,1,14,10
Whole life,41-50,1,15,4
Whole life,41-50,1,16,7
Whole life,41-50,1,17,4
Whole life,41-50,1,18,4
Whole life,41-50,1,19,1
Whole life,41-50,1,20,2
Whole life,41-50,1,21,2
Whole life,41-50,1,22,2
Whole life,41-50,1,24,1
Whole life,41-50,1,26,1
Whole life,41-50,2,0,13881
Whole life,41-50,2,1,1122
Whole life,41-50,2,2,518
Whole life,41-50,2,3,239
Whole life,41-50,2,4,144
Whole life,41-50,2,5,113
Whole life,41-50,2,6,65
Whole life,41-50,2,7,45
Whole life,41-50,2,8,24
Whole life,41-50,2,9,31
Whole life,41-50,2,10,17
Whole life,41-50,2,11,7
Whole life,41-50,2,12,10
Whole life,41-50,2,13,10
Whole life,41-50,2,14,4
Whole life,41-50,2,15,1
Whole life,41-50,2,16,1
Whole life,41-50,2,17,4
Whole life,41-50,2,18,3
Whole life,41-50,2,19,1
Whole life,41-50,2,20,2
Whole life,41-50,2,21,1
Whole life,41-50,2,23,1
Whole life,41-50,2,24,1
Whole life,41-50,3,0,2
Whole life,51-60,1,0,11346
Whole life,51-60,1,1,1037
Whole life,51-60,1,2,476
Whole life,51-60,1,3,274
Whole life,51-60,1,4,156
Whole life,51-60,1,5,97
Whole life,51-60,1,6,67
Whole life,51-60,1,7,43
Whole life,51-60,1,8,26
Whole life,51-60,1,9,20
Whole life,51-60,1,10,13
Whole life,51-60,1,11,10
Whole life,51-60,1,12,17
Whole life,51-60,1,13,4
Whole life,51-60,1,14,4
Whole life,51-60,1,15,1
Whole life,51-60,1,16,1
Whole life,51-60,1,17,1
Whole life,51-60,1,18,2
Whole life,51-60,1,19,3
Whole life,51-60,1,20,1
Whole life,51-60,1,21,1
Whole life,51-60,2,0,9848
Whole life,51-60,2,1,789
Whole life,51-60,2,2,324
Whole life,51-60,2,3,182
Whole life,51-60,2,4,100
Whole life,51-60,2,5,57
Whole life,51-60,2,6,33
Whole life,51-60,2,7,18
Whole life,51-60,2,8,14
Whole life,51-60,2,9,11
Whole life,51-60,2,10,7
Whole life,51-60,2,11,4
Whole life,51-60,2,12,4
Whole life,51-60,2,13,2
Whole life,51-60,2,15,1
Whole life,51-60,2,16,1
Whole life,51-60,2,17,1
Whole life,51-60,2,22,1
Whole life,51-60,2,23,1
Whole life,51-60,3,0,2
Whole life,61-64,1,0,2089
Whole life,61-64,1,1,174
Whole life,61-64,1,2,80
Whole life,61-64,1,3,61
Whole life,61-64,1,4,34
Whole life,61-64,1,5,18
Whole life,61-64,1,6,11
Whole life,61-64,1,7,11
Whole life,61-64,1,8,6
Whole life,61-64,1,9,4
Whole life,61-64,1,10,3
Whole life,61-64,1,11,1
Whole life,61-64,1,12,1
Whole life,61-64,1,13,3
Whole life,61-64,1,14,1
Whole life,61-64,2,0,2353
Whole life,61-64,2,1,219
Whole life,61-64,2,2,65
Whole life,61-64,2,3,47
Whole life,61-64,2,4,27
Whole life,61-64,2,5,10
Whole life,61-64,2,6,5
Whole life,61-64,2,7,6
Whole life,61-64,2,8,5
Whole life,61-64,2,9,2
Whole life,61-64,2,11,1
Whole life,61-64,2,12,4
Whole life,61-64,2,13,1
Whole life,61-64,2,14,2
Whole life,61-64,2,17,1
Whole life,61-64,2,18,1
Whole life,greater than 64,1,0,2509
Whole life,greater than 64,1,1,239
Whole life,greater than 64,1,2,118
Whole life,greater than 64,1,3,35
Whole life,greater than 64,1,4,27
Whole life,greater than 64,1,5,19
Whole life,greater than 64,1,6,12
Whole life,greater than 64,1,7,11
Whole life,greater than 64,1,8,4
Whole life,greater than 64,1,9,5
Whole life,greater than 64,1,10,1
Whole life,greater than 64,1,11,1
Whole life,greater than 64,1,12,1
Whole life,greater than 64,1,15,2
Whole life,greater than 64,1,19,1
Whole life,greater than 64,2,0,3734
Whole life,greater than 64,2,1,246
Whole life,greater than 64,2,2,117
Whole life,greater than 64,2,3,54
Whole life,greater than 64,2,4,40
Whole life,greater than 64,2,5,18
Whole life,greater than 64,2,6,10
Whole life,greater than 64,2,7,8
Whole life,greater than 64,2,8,9
Whole life,greater than 64,2,10,1
Whole life,greater than 64,2,11,1
Whole life,greater than 64,2,12,1
Whole life,greater than 64,2,14,1
Whole life,greater than 64,2,15,1
