Policy Type Name,a_group,Policyholder'S_Gender,application Channel,application Channel Count
Annuity(Annuity Certain ),18-22,1,30,5
Annuity(Annuity Certain ),18-22,1,40,8
Annuity(Annuity Certain ),18-22,1,60,27
Annuity(Annuity Certain ),18-22,1,70,2
Annuity(Annuity Certain ),18-22,1,99,22
Annuity(Annuity Certain ),18-22,1,,19
Annuity(Annuity Certain ),18-22,2,30,4
Annuity(Annuity Certain ),18-22,2,40,8
Annuity(Annuity Certain ),18-22,2,60,20
Annuity(Annuity Certain ),18-22,2,70,1
Annuity(Annuity Certain ),18-22,2,99,19
Annuity(Annuity Certain ),18-22,2,,15
Annuity(Annuity Certain ),23-30,1,10,1
Annuity(Annuity Certain ),23-30,1,25,1
Annuity(Annuity Certain ),23-30,1,30,84
Annuity(Annuity Certain ),23-30,1,40,77
Annuity(Annuity Certain ),23-30,1,60,242
Annuity(Annuity Certain ),23-30,1,70,19
Annuity(Annuity Certain ),23-30,1,99,268
Annuity(Annuity Certain ),23-30,1,,315
Annuity(Annuity Certain ),23-30,2,10,3
Annuity(Annuity Certain ),23-30,2,25,3
Annuity(Annuity Certain ),23-30,2,30,84
Annuity(Annuity Certain ),23-30,2,40,70
Annuity(Annuity Certain ),23-30,2,60,219
Annuity(Annuity Certain ),23-30,2,70,10
Annuity(Annuity Certain ),23-30,2,99,226
Annuity(Annuity Certain ),23-30,2,,229
Annuity(Annuity Certain ),31-40,1,10,9
Annuity(Annuity Certain ),31-40,1,20,1
Annuity(Annuity Certain ),31-40,1,25,4
Annuity(Annuity Certain ),31-40,1,30,176
Annuity(Annuity Certain ),31-40,1,40,128
Annuity(Annuity Certain ),31-40,1,60,542
Annuity(Annuity Certain ),31-40,1,70,27
Annuity(Annuity Certain ),31-40,1,99,842
Annuity(Annuity Certain ),31-40,1,,417
Annuity(Annuity Certain ),31-40,2,10,5
Annuity(Annuity Certain ),31-40,2,25,6
Annuity(Annuity Certain ),31-40,2,30,141
Annuity(Annuity Certain ),31-40,2,40,137
Annuity(Annuity Certain ),31-40,2,60,446
Annuity(Annuity Certain ),31-40,2,70,23
Annuity(Annuity Certain ),31-40,2,99,599
Annuity(Annuity Certain ),31-40,2,,251
Annuity(Annuity Certain ),41-50,1,10,8
Annuity(Annuity Certain ),41-50,1,25,1
Annuity(Annuity Certain ),41-50,1,30,127
Annuity(Annuity Certain ),41-50,1,40,82
Annuity(Annuity Certain ),41-50,1,60,502
Annuity(Annuity Certain ),41-50,1,70,16
Annuity(Annuity Certain ),41-50,1,99,816
Annuity(Annuity Certain ),41-50,1,,221
Annuity(Annuity Certain ),41-50,2,10,4
Annuity(Annuity Certain ),41-50,2,25,3
Annuity(Annuity Certain ),41-50,2,30,130
Annuity(Annuity Certain ),41-50,2,40,82
Annuity(Annuity Certain ),41-50,2,60,421
Annuity(Annuity Certain ),41-50,2,70,13
Annuity(Annuity Certain ),41-50,2,99,637
Annuity(Annuity Certain ),41-50,2,,148
Annuity(Annuity Certain ),51-60,1,10,6
Annuity(Annuity Certain ),51-60,1,20,1
Annuity(Annuity Certain ),51-60,1,25,1
Annuity(Annuity Certain ),51-60,1,30,79
Annuity(Annuity Certain ),51-60,1,40,52
Annuity(Annuity Certain ),51-60,1,60,299
Annuity(Annuity Certain ),51-60,1,70,13
Annuity(Annuity Certain ),51-60,1,99,552
Annuity(Annuity Certain ),51-60,1,,125
Annuity(Annuity Certain ),51-60,2,10,6
Annuity(Annuity Certain ),51-60,2,30,78
Annuity(Annuity Certain ),51-60,2,40,60
Annuity(Annuity Certain ),51-60,2,60,274
Annuity(Annuity Certain ),51-60,2,70,5
Annuity(Annuity Certain ),51-60,2,99,511
Annuity(Annuity Certain ),51-60,2,,121
Annuity(Annuity Certain ),61-64,1,30,9
Annuity(Annuity Certain ),61-64,1,40,14
Annuity(Annuity Certain ),61-64,1,60,53
Annuity(Annuity Certain ),61-64,1,70,4
Annuity(Annuity Certain ),61-64,1,99,86
Annuity(Annuity Certain ),61-64,1,,16
Annuity(Annuity Certain ),61-64,2,25,1
Annuity(Annuity Certain ),61-64,2,30,8
Annuity(Annuity Certain ),61-64,2,40,13
Annuity(Annuity Certain ),61-64,2,60,59
Annuity(Annuity Certain ),61-64,2,70,3
Annuity(Annuity Certain ),61-64,2,99,70
Annuity(Annuity Certain ),61-64,2,,15
Annuity(Annuity Certain ),greater than 64,1,10,1
Annuity(Annuity Certain ),greater than 64,1,25,1
Annuity(Annuity Certain ),greater than 64,1,30,5
Annuity(Annuity Certain ),greater than 64,1,40,12
Annuity(Annuity Certain ),greater than 64,1,60,33
Annuity(Annuity Certain ),greater than 64,1,70,3
Annuity(Annuity Certain ),greater than 64,1,99,76
Annuity(Annuity Certain ),greater than 64,1,,15
Annuity(Annuity Certain ),greater than 64,2,10,2
Annuity(Annuity Certain ),greater than 64,2,30,4
Annuity(Annuity Certain ),greater than 64,2,40,7
Annuity(Annuity Certain ),greater than 64,2,60,58
Annuity(Annuity Certain ),greater than 64,2,70,2
Annuity(Annuity Certain ),greater than 64,2,99,55
Annuity(Annuity Certain ),greater than 64,2,,12
Annuity(Whole Life Annuity With Guaranteed Installment ),18-22,1,30,2
Annuity(Whole Life Annuity With Guaranteed Installment ),18-22,1,40,1
Annuity(Whole Life Annuity With Guaranteed Installment ),18-22,1,60,1
Annuity(Whole Life Annuity With Guaranteed Installment ),18-22,1,,1
Annuity(Whole Life Annuity With Guaranteed Installment ),18-22,2,40,1
Annuity(Whole Life Annuity With Guaranteed Installment ),18-22,2,60,2
Annuity(Whole Life Annuity With Guaranteed Installment ),18-22,2,,1
Annuity(Whole Life Annuity With Guaranteed Installment ),23-30,1,30,3
Annuity(Whole Life Annuity With Guaranteed Installment ),23-30,1,60,16
Annuity(Whole Life Annuity With Guaranteed Installment ),23-30,1,,9
Annuity(Whole Life Annuity With Guaranteed Installment ),23-30,2,30,3
Annuity(Whole Life Annuity With Guaranteed Installment ),23-30,2,40,2
Annuity(Whole Life Annuity With Guaranteed Installment ),23-30,2,60,9
Annuity(Whole Life Annuity With Guaranteed Installment ),23-30,2,,5
Annuity(Whole Life Annuity With Guaranteed Installment ),31-40,1,10,1
Annuity(Whole Life Annuity With Guaranteed Installment ),31-40,1,25,1
Annuity(Whole Life Annuity With Guaranteed Installment ),31-40,1,30,8
Annuity(Whole Life Annuity With Guaranteed Installment ),31-40,1,40,3
Annuity(Whole Life Annuity With Guaranteed Installment ),31-40,1,60,27
Annuity(Whole Life Annuity With Guaranteed Installment ),31-40,1,70,1
Annuity(Whole Life Annuity With Guaranteed Installment ),31-40,1,99,2
Annuity(Whole Life Annuity With Guaranteed Installment ),31-40,1,,23
Annuity(Whole Life Annuity With Guaranteed Installment ),31-40,2,25,1
Annuity(Whole Life Annuity With Guaranteed Installment ),31-40,2,30,6
Annuity(Whole Life Annuity With Guaranteed Installment ),31-40,2,40,3
Annuity(Whole Life Annuity With Guaranteed Installment ),31-40,2,60,13
Annuity(Whole Life Annuity With Guaranteed Installment ),31-40,2,99,3
Annuity(Whole Life Annuity With Guaranteed Installment ),31-40,2,,10
Annuity(Whole Life Annuity With Guaranteed Installment ),41-50,1,30,8
Annuity(Whole Life Annuity With Guaranteed Installment ),41-50,1,40,2
Annuity(Whole Life Annuity With Guaranteed Installment ),41-50,1,60,17
Annuity(Whole Life Annuity With Guaranteed Installment ),41-50,1,70,1
Annuity(Whole Life Annuity With Guaranteed Installment ),41-50,1,99,1
Annuity(Whole Life Annuity With Guaranteed Installment ),41-50,1,,13
Annuity(Whole Life Annuity With Guaranteed Installment ),41-50,2,30,6
Annuity(Whole Life Annuity With Guaranteed Installment ),41-50,2,40,2
Annuity(Whole Life Annuity With Guaranteed Installment ),41-50,2,60,16
Annuity(Whole Life Annuity With Guaranteed Installment ),41-50,2,99,2
Annuity(Whole Life Annuity With Guaranteed Installment ),41-50,2,,14
Annuity(Whole Life Annuity With Guaranteed Installment ),51-60,1,30,1
Annuity(Whole Life Annuity With Guaranteed Installment ),51-60,1,40,3
Annuity(Whole Life Annuity With Guaranteed Installment ),51-60,1,60,15
Annuity(Whole Life Annuity With Guaranteed Installment ),51-60,1,99,3
Annuity(Whole Life Annuity With Guaranteed Installment ),51-60,1,,6
Annuity(Whole Life Annuity With Guaranteed Installment ),51-60,2,30,2
Annuity(Whole Life Annuity With Guaranteed Installment ),51-60,2,60,13
Annuity(Whole Life Annuity With Guaranteed Installment ),51-60,2,99,1
Annuity(Whole Life Annuity With Guaranteed Installment ),51-60,2,,8
Annuity(Whole Life Annuity With Guaranteed Installment ),61-64,1,40,1
Annuity(Whole Life Annuity With Guaranteed Installment ),61-64,1,60,3
Annuity(Whole Life Annuity With Guaranteed Installment ),61-64,1,99,1
Annuity(Whole Life Annuity With Guaranteed Installment ),61-64,1,,2
Annuity(Whole Life Annuity With Guaranteed Installment ),61-64,2,30,1
Annuity(Whole Life Annuity With Guaranteed Installment ),61-64,2,60,1
Annuity(Whole Life Annuity With Guaranteed Installment ),61-64,2,99,1
Annuity(Whole Life Annuity With Guaranteed Installment ),61-64,2,,1
Annuity(Whole Life Annuity With Guaranteed Installment ),greater than 64,1,30,1
Annuity(Whole Life Annuity With Guaranteed Installment ),greater than 64,1,40,1
Annuity(Whole Life Annuity With Guaranteed Installment ),greater than 64,1,60,2
Annuity(Whole Life Annuity With Guaranteed Installment ),greater than 64,1,,1
Annuity(Whole Life Annuity With Guaranteed Installment ),greater than 64,2,40,2
Annuity(Whole Life Annuity With Guaranteed Installment ),greater than 64,2,60,2
Annuity(Whole Life Annuity With Guaranteed Installment ),greater than 64,2,,1
Cancer,18-22,1,00,27
Cancer,18-22,1,10,45
Cancer,18-22,1,25,2
Cancer,18-22,1,30,425
Cancer,18-22,1,40,73
Cancer,18-22,1,60,371
Cancer,18-22,1,70,647
Cancer,18-22,1,99,116
Cancer,18-22,1,,274
Cancer,18-22,2,00,25
Cancer,18-22,2,10,15
Cancer,18-22,2,30,409
Cancer,18-22,2,40,79
Cancer,18-22,2,60,292
Cancer,18-22,2,70,347
Cancer,18-22,2,99,111
Cancer,18-22,2,,261
Cancer,23-30,1,00,248
Cancer,23-30,1,10,786
Cancer,23-30,1,20,5
Cancer,23-30,1,25,28
Cancer,23-30,1,30,5360
Cancer,23-30,1,40,851
Cancer,23-30,1,60,4854
Cancer,23-30,1,70,10468
Cancer,23-30,1,99,2110
Cancer,23-30,1,,5073
Cancer,23-30,2,00,206
Cancer,23-30,2,10,324
Cancer,23-30,2,25,17
Cancer,23-30,2,30,3326
Cancer,23-30,2,40,715
Cancer,23-30,2,60,2710
Cancer,23-30,2,70,3147
Cancer,23-30,2,99,1228
Cancer,23-30,2,,3017
Cancer,31-40,1,00,917
Cancer,31-40,1,10,1634
Cancer,31-40,1,20,3
Cancer,31-40,1,25,55
Cancer,31-40,1,30,8876
Cancer,31-40,1,40,1726
Cancer,31-40,1,50,1
Cancer,31-40,1,60,9226
Cancer,31-40,1,70,12820
Cancer,31-40,1,99,4222
Cancer,31-40,1,,11500
Cancer,31-40,2,00,443
Cancer,31-40,2,10,1025
Cancer,31-40,2,20,7
Cancer,31-40,2,25,26
Cancer,31-40,2,30,4227
Cancer,31-40,2,40,1419
Cancer,31-40,2,60,4684
Cancer,31-40,2,70,2499
Cancer,31-40,2,99,2039
Cancer,31-40,2,,4945
Cancer,41-50,0,,1
Cancer,41-50,1,00,1649
Cancer,41-50,1,10,2615
Cancer,41-50,1,20,7
Cancer,41-50,1,25,44
Cancer,41-50,1,30,6134
Cancer,41-50,1,40,1349
Cancer,41-50,1,60,8088
Cancer,41-50,1,70,8414
Cancer,41-50,1,99,3275
Cancer,41-50,1,,13669
Cancer,41-50,2,00,692
Cancer,41-50,2,10,712
Cancer,41-50,2,20,5
Cancer,41-50,2,25,26
Cancer,41-50,2,30,3108
Cancer,41-50,2,40,898
Cancer,41-50,2,60,4108
Cancer,41-50,2,70,1333
Cancer,41-50,2,99,1303
Cancer,41-50,2,,5889
Cancer,41-50,3,,1
Cancer,51-60,0,,1
Cancer,51-60,1,00,1785
Cancer,51-60,1,01,1
Cancer,51-60,1,10,2006
Cancer,51-60,1,20,2
Cancer,51-60,1,25,39
Cancer,51-60,1,30,4798
Cancer,51-60,1,40,1056
Cancer,51-60,1,60,7550
Cancer,51-60,1,70,8106
Cancer,51-60,1,99,2424
Cancer,51-60,1,,13997
Cancer,51-60,2,00,869
Cancer,51-60,2,10,321
Cancer,51-60,2,20,5
Cancer,51-60,2,25,28
Cancer,51-60,2,30,2996
Cancer,51-60,2,40,816
Cancer,51-60,2,60,4597
Cancer,51-60,2,70,1285
Cancer,51-60,2,99,1244
Cancer,51-60,2,,6465
Cancer,61-64,1,00,535
Cancer,61-64,1,10,164
Cancer,61-64,1,20,1
Cancer,61-64,1,25,14
Cancer,61-64,1,30,1199
Cancer,61-64,1,40,337
Cancer,61-64,1,60,1929
Cancer,61-64,1,70,1450
Cancer,61-64,1,99,504
Cancer,61-64,1,,3785
Cancer,61-64,2,00,252
Cancer,61-64,2,10,51
Cancer,61-64,2,20,3
Cancer,61-64,2,25,13
Cancer,61-64,2,30,706
Cancer,61-64,2,40,247
Cancer,61-64,2,60,1358
Cancer,61-64,2,70,320
Cancer,61-64,2,99,328
Cancer,61-64,2,,1896
Cancer,greater than 64,0,00,2
Cancer,greater than 64,0,,1
Cancer,greater than 64,1,00,932
Cancer,greater than 64,1,10,186
Cancer,greater than 64,1,20,1
Cancer,greater than 64,1,25,28
Cancer,greater than 64,1,30,1226
Cancer,greater than 64,1,40,443
Cancer,greater than 64,1,60,2628
Cancer,greater than 64,1,70,876
Cancer,greater than 64,1,99,783
Cancer,greater than 64,1,,5438
Cancer,greater than 64,2,00,561
Cancer,greater than 64,2,10,60
Cancer,greater than 64,2,20,2
Cancer,greater than 64,2,25,12
Cancer,greater than 64,2,30,1000
Cancer,greater than 64,2,40,528
Cancer,greater than 64,2,60,2102
Cancer,greater than 64,2,70,351
Cancer,greater than 64,2,99,498
Cancer,greater than 64,2,,3245
Dread Disease T.L.,18-22,1,30,2
Dread Disease T.L.,18-22,1,40,3
Dread Disease T.L.,18-22,1,60,5
Dread Disease T.L.,18-22,1,,1
Dread Disease T.L.,18-22,2,30,3
Dread Disease T.L.,18-22,2,40,5
Dread Disease T.L.,18-22,2,60,4
Dread Disease T.L.,18-22,2,,1
Dread Disease T.L.,23-30,1,10,1
Dread Disease T.L.,23-30,1,25,3
Dread Disease T.L.,23-30,1,30,43
Dread Disease T.L.,23-30,1,40,69
Dread Disease T.L.,23-30,1,60,126
Dread Disease T.L.,23-30,1,70,4
Dread Disease T.L.,23-30,1,99,11
Dread Disease T.L.,23-30,1,,37
Dread Disease T.L.,23-30,2,25,1
Dread Disease T.L.,23-30,2,30,12
Dread Disease T.L.,23-30,2,40,44
Dread Disease T.L.,23-30,2,60,81
Dread Disease T.L.,23-30,2,70,2
Dread Disease T.L.,23-30,2,99,12
Dread Disease T.L.,23-30,2,,20
Dread Disease T.L.,31-40,1,10,8
Dread Disease T.L.,31-40,1,20,1
Dread Disease T.L.,31-40,1,25,1
Dread Disease T.L.,31-40,1,30,150
Dread Disease T.L.,31-40,1,40,166
Dread Disease T.L.,31-40,1,60,454
Dread Disease T.L.,31-40,1,70,23
Dread Disease T.L.,31-40,1,99,86
Dread Disease T.L.,31-40,1,,126
Dread Disease T.L.,31-40,2,10,2
Dread Disease T.L.,31-40,2,25,2
Dread Disease T.L.,31-40,2,30,53
Dread Disease T.L.,31-40,2,40,88
Dread Disease T.L.,31-40,2,60,257
Dread Disease T.L.,31-40,2,70,1
Dread Disease T.L.,31-40,2,99,29
Dread Disease T.L.,31-40,2,,44
Dread Disease T.L.,41-50,1,10,10
Dread Disease T.L.,41-50,1,20,1
Dread Disease T.L.,41-50,1,25,3
Dread Disease T.L.,41-50,1,30,136
Dread Disease T.L.,41-50,1,40,110
Dread Disease T.L.,41-50,1,60,529
Dread Disease T.L.,41-50,1,70,20
Dread Disease T.L.,41-50,1,99,72
Dread Disease T.L.,41-50,1,,153
Dread Disease T.L.,41-50,2,10,1
Dread Disease T.L.,41-50,2,25,4
Dread Disease T.L.,41-50,2,30,53
Dread Disease T.L.,41-50,2,40,67
Dread Disease T.L.,41-50,2,60,231
Dread Disease T.L.,41-50,2,70,4
Dread Disease T.L.,41-50,2,99,24
Dread Disease T.L.,41-50,2,,58
Dread Disease T.L.,41-50,3,,1
Dread Disease T.L.,51-60,1,10,3
Dread Disease T.L.,51-60,1,25,1
Dread Disease T.L.,51-60,1,30,77
Dread Disease T.L.,51-60,1,40,75
Dread Disease T.L.,51-60,1,60,313
Dread Disease T.L.,51-60,1,70,8
Dread Disease T.L.,51-60,1,99,36
Dread Disease T.L.,51-60,1,,119
Dread Disease T.L.,51-60,2,10,1
Dread Disease T.L.,51-60,2,25,2
Dread Disease T.L.,51-60,2,30,34
Dread Disease T.L.,51-60,2,40,55
Dread Disease T.L.,51-60,2,60,210
Dread Disease T.L.,51-60,2,70,6
Dread Disease T.L.,51-60,2,99,14
Dread Disease T.L.,51-60,2,,54
Dread Disease T.L.,61-64,1,20,1
Dread Disease T.L.,61-64,1,30,15
Dread Disease T.L.,61-64,1,40,17
Dread Disease T.L.,61-64,1,60,69
Dread Disease T.L.,61-64,1,70,2
Dread Disease T.L.,61-64,1,99,4
Dread Disease T.L.,61-64,1,,18
Dread Disease T.L.,61-64,2,30,17
Dread Disease T.L.,61-64,2,40,13
Dread Disease T.L.,61-64,2,60,55
Dread Disease T.L.,61-64,2,99,4
Dread Disease T.L.,61-64,2,,18
Dread Disease T.L.,greater than 64,1,30,8
Dread Disease T.L.,greater than 64,1,40,13
Dread Disease T.L.,greater than 64,1,60,52
Dread Disease T.L.,greater than 64,1,70,1
Dread Disease T.L.,greater than 64,1,99,4
Dread Disease T.L.,greater than 64,1,,19
Dread Disease T.L.,greater than 64,2,25,1
Dread Disease T.L.,greater than 64,2,30,9
Dread Disease T.L.,greater than 64,2,40,9
Dread Disease T.L.,greater than 64,2,60,48
Dread Disease T.L.,greater than 64,2,99,4
Dread Disease T.L.,greater than 64,2,,8
Dread Disease W.L.,18-22,1,25,2
Dread Disease W.L.,18-22,1,30,51
Dread Disease W.L.,18-22,1,40,49
Dread Disease W.L.,18-22,1,60,120
Dread Disease W.L.,18-22,1,70,6
Dread Disease W.L.,18-22,1,99,8
Dread Disease W.L.,18-22,1,,7
Dread Disease W.L.,18-22,2,10,2
Dread Disease W.L.,18-22,2,25,3
Dread Disease W.L.,18-22,2,30,36
Dread Disease W.L.,18-22,2,40,38
Dread Disease W.L.,18-22,2,60,91
Dread Disease W.L.,18-22,2,70,4
Dread Disease W.L.,18-22,2,99,9
Dread Disease W.L.,18-22,2,,8
Dread Disease W.L.,23-30,1,10,42
Dread Disease W.L.,23-30,1,25,13
Dread Disease W.L.,23-30,1,30,780
Dread Disease W.L.,23-30,1,40,366
Dread Disease W.L.,23-30,1,60,1327
Dread Disease W.L.,23-30,1,70,128
Dread Disease W.L.,23-30,1,99,212
Dread Disease W.L.,23-30,1,,98
Dread Disease W.L.,23-30,2,10,27
Dread Disease W.L.,23-30,2,25,2
Dread Disease W.L.,23-30,2,30,563
Dread Disease W.L.,23-30,2,40,281
Dread Disease W.L.,23-30,2,60,805
Dread Disease W.L.,23-30,2,70,65
Dread Disease W.L.,23-30,2,99,112
Dread Disease W.L.,23-30,2,,41
Dread Disease W.L.,31-40,1,10,105
Dread Disease W.L.,31-40,1,20,1
Dread Disease W.L.,31-40,1,25,34
Dread Disease W.L.,31-40,1,30,1548
Dread Disease W.L.,31-40,1,40,623
Dread Disease W.L.,31-40,1,60,2681
Dread Disease W.L.,31-40,1,70,149
Dread Disease W.L.,31-40,1,99,492
Dread Disease W.L.,31-40,1,,386
Dread Disease W.L.,31-40,2,10,36
Dread Disease W.L.,31-40,2,20,1
Dread Disease W.L.,31-40,2,25,21
Dread Disease W.L.,31-40,2,30,852
Dread Disease W.L.,31-40,2,40,463
Dread Disease W.L.,31-40,2,60,1483
Dread Disease W.L.,31-40,2,70,49
Dread Disease W.L.,31-40,2,99,237
Dread Disease W.L.,31-40,2,,116
Dread Disease W.L.,41-50,1,10,77
Dread Disease W.L.,41-50,1,25,21
Dread Disease W.L.,41-50,1,30,806
Dread Disease W.L.,41-50,1,40,326
Dread Disease W.L.,41-50,1,60,1796
Dread Disease W.L.,41-50,1,70,80
Dread Disease W.L.,41-50,1,99,299
Dread Disease W.L.,41-50,1,A1,1
Dread Disease W.L.,41-50,1,,247
Dread Disease W.L.,41-50,2,10,28
Dread Disease W.L.,41-50,2,20,1
Dread Disease W.L.,41-50,2,25,9
Dread Disease W.L.,41-50,2,30,456
Dread Disease W.L.,41-50,2,40,291
Dread Disease W.L.,41-50,2,60,1104
Dread Disease W.L.,41-50,2,70,31
Dread Disease W.L.,41-50,2,99,121
Dread Disease W.L.,41-50,2,,79
Dread Disease W.L.,51-60,1,10,53
Dread Disease W.L.,51-60,1,20,1
Dread Disease W.L.,51-60,1,25,10
Dread Disease W.L.,51-60,1,30,431
Dread Disease W.L.,51-60,1,40,300
Dread Disease W.L.,51-60,1,60,1301
Dread Disease W.L.,51-60,1,70,97
Dread Disease W.L.,51-60,1,99,163
Dread Disease W.L.,51-60,1,A1,1
Dread Disease W.L.,51-60,1,,102
Dread Disease W.L.,51-60,2,10,38
Dread Disease W.L.,51-60,2,25,6
Dread Disease W.L.,51-60,2,30,309
Dread Disease W.L.,51-60,2,40,221
Dread Disease W.L.,51-60,2,60,1013
Dread Disease W.L.,51-60,2,70,15
Dread Disease W.L.,51-60,2,99,90
Dread Disease W.L.,51-60,2,,44
Dread Disease W.L.,61-64,1,10,17
Dread Disease W.L.,61-64,1,20,1
Dread Disease W.L.,61-64,1,25,3
Dread Disease W.L.,61-64,1,30,69
Dread Disease W.L.,61-64,1,40,44
Dread Disease W.L.,61-64,1,60,277
Dread Disease W.L.,61-64,1,70,12
Dread Disease W.L.,61-64,1,99,24
Dread Disease W.L.,61-64,1,,16
Dread Disease W.L.,61-64,2,10,9
Dread Disease W.L.,61-64,2,25,3
Dread Disease W.L.,61-64,2,30,62
Dread Disease W.L.,61-64,2,40,53
Dread Disease W.L.,61-64,2,60,215
Dread Disease W.L.,61-64,2,70,2
Dread Disease W.L.,61-64,2,99,15
Dread Disease W.L.,61-64,2,,10
Dread Disease W.L.,greater than 64,1,10,9
Dread Disease W.L.,greater than 64,1,25,3
Dread Disease W.L.,greater than 64,1,30,57
Dread Disease W.L.,greater than 64,1,40,74
Dread Disease W.L.,greater than 64,1,60,256
Dread Disease W.L.,greater than 64,1,70,5
Dread Disease W.L.,greater than 64,1,99,24
Dread Disease W.L.,greater than 64,1,,13
Dread Disease W.L.,greater than 64,2,10,3
Dread Disease W.L.,greater than 64,2,25,3
Dread Disease W.L.,greater than 64,2,30,85
Dread Disease W.L.,greater than 64,2,40,59
Dread Disease W.L.,greater than 64,2,60,229
Dread Disease W.L.,greater than 64,2,70,7
Dread Disease W.L.,greater than 64,2,99,23
Dread Disease W.L.,greater than 64,2,A1,1
Dread Disease W.L.,greater than 64,2,,20
Endowment,18-22,1,00,25
Endowment,18-22,1,30,2
Endowment,18-22,1,40,10
Endowment,18-22,1,60,27
Endowment,18-22,1,70,2
Endowment,18-22,1,99,2
Endowment,18-22,1,,23
Endowment,18-22,2,00,33
Endowment,18-22,2,25,1
Endowment,18-22,2,30,8
Endowment,18-22,2,40,6
Endowment,18-22,2,60,15
Endowment,18-22,2,99,3
Endowment,18-22,2,,28
Endowment,23-30,1,00,192
Endowment,23-30,1,10,1
Endowment,23-30,1,25,3
Endowment,23-30,1,30,44
Endowment,23-30,1,40,41
Endowment,23-30,1,60,113
Endowment,23-30,1,70,8
Endowment,23-30,1,99,21
Endowment,23-30,1,,178
Endowment,23-30,2,00,242
Endowment,23-30,2,30,46
Endowment,23-30,2,40,43
Endowment,23-30,2,60,101
Endowment,23-30,2,70,6
Endowment,23-30,2,99,26
Endowment,23-30,2,,186
Endowment,31-40,1,00,459
Endowment,31-40,1,10,12
Endowment,31-40,1,25,1
Endowment,31-40,1,30,120
Endowment,31-40,1,40,43
Endowment,31-40,1,60,269
Endowment,31-40,1,70,14
Endowment,31-40,1,99,70
Endowment,31-40,1,A1,1
Endowment,31-40,1,,387
Endowment,31-40,2,00,484
Endowment,31-40,2,10,3
Endowment,31-40,2,25,3
Endowment,31-40,2,30,73
Endowment,31-40,2,40,63
Endowment,31-40,2,60,171
Endowment,31-40,2,70,5
Endowment,31-40,2,99,12
Endowment,31-40,2,,230
Endowment,31-40,3,,1
Endowment,41-50,1,00,576
Endowment,41-50,1,10,6
Endowment,41-50,1,25,2
Endowment,41-50,1,30,92
Endowment,41-50,1,40,81
Endowment,41-50,1,60,234
Endowment,41-50,1,70,17
Endowment,41-50,1,99,91
Endowment,41-50,1,,928
Endowment,41-50,2,00,577
Endowment,41-50,2,25,1
Endowment,41-50,2,30,76
Endowment,41-50,2,40,62
Endowment,41-50,2,60,204
Endowment,41-50,2,70,8
Endowment,41-50,2,99,14
Endowment,41-50,2,,260
Endowment,51-60,1,00,428
Endowment,51-60,1,10,2
Endowment,51-60,1,25,2
Endowment,51-60,1,30,64
Endowment,51-60,1,40,52
Endowment,51-60,1,60,324
Endowment,51-60,1,70,25
Endowment,51-60,1,99,134
Endowment,51-60,1,A1,1
Endowment,51-60,1,,995
Endowment,51-60,2,00,371
Endowment,51-60,2,10,1
Endowment,51-60,2,25,2
Endowment,51-60,2,30,51
Endowment,51-60,2,40,46
Endowment,51-60,2,60,180
Endowment,51-60,2,70,7
Endowment,51-60,2,99,15
Endowment,51-60,2,,205
Endowment,51-60,3,,7
Endowment,61-64,1,00,213
Endowment,61-64,1,10,2
Endowment,61-64,1,30,15
Endowment,61-64,1,40,12
Endowment,61-64,1,60,97
Endowment,61-64,1,70,2
Endowment,61-64,1,99,44
Endowment,61-64,1,,189
Endowment,61-64,2,00,126
Endowment,61-64,2,20,1
Endowment,61-64,2,30,11
Endowment,61-64,2,40,12
Endowment,61-64,2,60,54
Endowment,61-64,2,70,1
Endowment,61-64,2,99,4
Endowment,61-64,2,,58
Endowment,greater than 64,1,00,244
Endowment,greater than 64,1,10,1
Endowment,greater than 64,1,30,17
Endowment,greater than 64,1,40,34
Endowment,greater than 64,1,60,112
Endowment,greater than 64,1,70,3
Endowment,greater than 64,1,99,39
Endowment,greater than 64,1,A1,1
Endowment,greater than 64,1,,510
Endowment,greater than 64,2,00,188
Endowment,greater than 64,2,30,16
Endowment,greater than 64,2,40,34
Endowment,greater than 64,2,60,88
Endowment,greater than 64,2,70,1
Endowment,greater than 64,2,99,4
Endowment,greater than 64,2,,136
Female Disease,18-22,1,,3
Female Disease,18-22,2,25,2
Female Disease,18-22,2,30,71
Female Disease,18-22,2,40,19
Female Disease,18-22,2,60,86
Female Disease,18-22,2,70,30
Female Disease,18-22,2,99,27
Female Disease,18-22,2,,296
Female Disease,23-30,1,10,5
Female Disease,23-30,1,30,23
Female Disease,23-30,1,40,13
Female Disease,23-30,1,60,40
Female Disease,23-30,1,70,14
Female Disease,23-30,1,99,17
Female Disease,23-30,1,,159
Female Disease,23-30,2,10,121
Female Disease,23-30,2,25,14
Female Disease,23-30,2,30,868
Female Disease,23-30,2,40,205
Female Disease,23-30,2,60,1097
Female Disease,23-30,2,70,329
Female Disease,23-30,2,99,816
Female Disease,23-30,2,,4317
Female Disease,31-40,1,10,8
Female Disease,31-40,1,25,4
Female Disease,31-40,1,30,103
Female Disease,31-40,1,40,48
Female Disease,31-40,1,60,131
Female Disease,31-40,1,70,69
Female Disease,31-40,1,99,66
Female Disease,31-40,1,,783
Female Disease,31-40,2,10,255
Female Disease,31-40,2,25,21
Female Disease,31-40,2,30,1198
Female Disease,31-40,2,40,294
Female Disease,31-40,2,60,1595
Female Disease,31-40,2,70,280
Female Disease,31-40,2,99,1888
Female Disease,31-40,2,,7431
Female Disease,41-50,1,10,10
Female Disease,41-50,1,25,1
Female Disease,41-50,1,30,61
Female Disease,41-50,1,40,65
Female Disease,41-50,1,60,133
Female Disease,41-50,1,70,87
Female Disease,41-50,1,99,57
Female Disease,41-50,1,,858
Female Disease,41-50,2,10,125
Female Disease,41-50,2,25,19
Female Disease,41-50,2,30,539
Female Disease,41-50,2,40,162
Female Disease,41-50,2,60,894
Female Disease,41-50,2,70,153
Female Disease,41-50,2,99,901
Female Disease,41-50,2,,4522
Female Disease,51-60,1,10,2
Female Disease,51-60,1,25,5
Female Disease,51-60,1,30,78
Female Disease,51-60,1,40,63
Female Disease,51-60,1,60,133
Female Disease,51-60,1,70,120
Female Disease,51-60,1,99,27
Female Disease,51-60,1,,884
Female Disease,51-60,2,10,61
Female Disease,51-60,2,25,8
Female Disease,51-60,2,30,279
Female Disease,51-60,2,40,99
Female Disease,51-60,2,60,556
Female Disease,51-60,2,70,73
Female Disease,51-60,2,99,290
Female Disease,51-60,2,,2578
Female Disease,61-64,1,10,3
Female Disease,61-64,1,30,6
Female Disease,61-64,1,40,7
Female Disease,61-64,1,60,27
Female Disease,61-64,1,70,23
Female Disease,61-64,1,99,2
Female Disease,61-64,1,,178
Female Disease,61-64,2,10,7
Female Disease,61-64,2,25,2
Female Disease,61-64,2,30,45
Female Disease,61-64,2,40,29
Female Disease,61-64,2,60,120
Female Disease,61-64,2,70,18
Female Disease,61-64,2,99,44
Female Disease,61-64,2,,515
Female Disease,greater than 64,1,30,16
Female Disease,greater than 64,1,40,10
Female Disease,greater than 64,1,60,23
Female Disease,greater than 64,1,70,22
Female Disease,greater than 64,1,99,6
Female Disease,greater than 64,1,,206
Female Disease,greater than 64,2,10,4
Female Disease,greater than 64,2,25,3
Female Disease,greater than 64,2,30,54
Female Disease,greater than 64,2,40,28
Female Disease,greater than 64,2,60,123
Female Disease,greater than 64,2,70,9
Female Disease,greater than 64,2,99,62
Female Disease,greater than 64,2,,652
Inc. Dec. Term Life,18-22,1,60,1
Inc. Dec. Term Life,23-30,1,30,1
Inc. Dec. Term Life,23-30,1,60,4
Inc. Dec. Term Life,23-30,2,30,1
Inc. Dec. Term Life,23-30,2,60,1
Inc. Dec. Term Life,31-40,1,30,2
Inc. Dec. Term Life,31-40,1,40,3
Inc. Dec. Term Life,31-40,1,60,19
Inc. Dec. Term Life,31-40,1,99,3
Inc. Dec. Term Life,31-40,2,30,3
Inc. Dec. Term Life,31-40,2,60,5
Inc. Dec. Term Life,31-40,2,99,1
Inc. Dec. Term Life,41-50,1,10,1
Inc. Dec. Term Life,41-50,1,30,9
Inc. Dec. Term Life,41-50,1,40,2
Inc. Dec. Term Life,41-50,1,60,38
Inc. Dec. Term Life,41-50,1,99,8
Inc. Dec. Term Life,41-50,2,30,1
Inc. Dec. Term Life,41-50,2,40,2
Inc. Dec. Term Life,41-50,2,60,4
Inc. Dec. Term Life,41-50,2,70,1
Inc. Dec. Term Life,41-50,2,99,2
Inc. Dec. Term Life,41-50,3,99,4
Inc. Dec. Term Life,51-60,1,30,16
Inc. Dec. Term Life,51-60,1,40,5
Inc. Dec. Term Life,51-60,1,60,66
Inc. Dec. Term Life,51-60,1,70,6
Inc. Dec. Term Life,51-60,1,99,30
Inc. Dec. Term Life,51-60,2,30,2
Inc. Dec. Term Life,51-60,2,40,1
Inc. Dec. Term Life,51-60,2,60,20
Inc. Dec. Term Life,51-60,2,99,1
Inc. Dec. Term Life,61-64,1,40,3
Inc. Dec. Term Life,61-64,1,60,43
Inc. Dec. Term Life,61-64,1,99,9
Inc. Dec. Term Life,61-64,2,30,1
Inc. Dec. Term Life,61-64,2,60,9
Inc. Dec. Term Life,61-64,2,99,1
Inc. Dec. Term Life,greater than 64,1,30,4
Inc. Dec. Term Life,greater than 64,1,40,6
Inc. Dec. Term Life,greater than 64,1,60,65
Inc. Dec. Term Life,greater than 64,1,70,2
Inc. Dec. Term Life,greater than 64,1,99,31
Inc. Dec. Term Life,greater than 64,2,40,1
Inc. Dec. Term Life,greater than 64,2,60,8
Inc. Dec. Term Life,greater than 64,2,99,2
Injury,23-30,1,60,6
Injury,23-30,2,60,1
Injury,31-40,1,10,2
Injury,31-40,1,30,15
Injury,31-40,1,40,1
Injury,31-40,1,60,67
Injury,31-40,1,70,3
Injury,31-40,1,99,44
Injury,31-40,2,30,2
Injury,31-40,2,60,7
Injury,41-50,1,10,1
Injury,41-50,1,25,1
Injury,41-50,1,30,25
Injury,41-50,1,60,78
Injury,41-50,1,70,2
Injury,41-50,1,99,97
Injury,41-50,2,30,2
Injury,41-50,2,40,2
Injury,41-50,2,60,8
Injury,41-50,2,99,10
Injury,51-60,1,10,3
Injury,51-60,1,25,3
Injury,51-60,1,30,4
Injury,51-60,1,60,130
Injury,51-60,1,70,84
Injury,51-60,1,99,127
Injury,51-60,2,10,1
Injury,51-60,2,30,1
Injury,51-60,2,40,2
Injury,51-60,2,60,8
Injury,51-60,2,99,3
Injury,61-64,1,30,17
Injury,61-64,1,60,43
Injury,61-64,1,99,28
Injury,61-64,2,60,2
Injury,greater than 64,1,30,8
Injury,greater than 64,1,40,2
Injury,greater than 64,1,60,85
Injury,greater than 64,1,70,20
Injury,greater than 64,1,99,27
Injury,greater than 64,2,60,6
Injury,greater than 64,2,99,6
J.M.I.P,18-22,1,60,1
J.M.I.P,23-30,1,30,2
J.M.I.P,23-30,1,40,1
J.M.I.P,23-30,1,60,1
J.M.I.P,23-30,1,99,1
J.M.I.P,23-30,1,,2
J.M.I.P,23-30,2,40,1
J.M.I.P,23-30,2,60,1
J.M.I.P,31-40,1,30,9
J.M.I.P,31-40,1,40,4
J.M.I.P,31-40,1,60,14
J.M.I.P,31-40,1,99,2
J.M.I.P,31-40,1,,18
J.M.I.P,31-40,2,30,2
J.M.I.P,31-40,2,40,2
J.M.I.P,31-40,2,60,9
J.M.I.P,31-40,2,99,1
J.M.I.P,31-40,2,,4
J.M.I.P,41-50,1,30,10
J.M.I.P,41-50,1,40,9
J.M.I.P,41-50,1,60,33
J.M.I.P,41-50,1,70,1
J.M.I.P,41-50,1,99,1
J.M.I.P,41-50,1,,22
J.M.I.P,41-50,2,30,6
J.M.I.P,41-50,2,40,10
J.M.I.P,41-50,2,60,12
J.M.I.P,41-50,2,70,6
J.M.I.P,41-50,2,99,1
J.M.I.P,41-50,2,,2
J.M.I.P,51-60,1,25,1
J.M.I.P,51-60,1,30,10
J.M.I.P,51-60,1,40,13
J.M.I.P,51-60,1,60,12
J.M.I.P,51-60,1,70,3
J.M.I.P,51-60,1,99,2
J.M.I.P,51-60,1,,6
J.M.I.P,51-60,2,30,2
J.M.I.P,51-60,2,40,16
J.M.I.P,51-60,2,60,16
J.M.I.P,51-60,2,70,1
J.M.I.P,51-60,2,99,1
J.M.I.P,51-60,2,,4
J.M.I.P,61-64,1,30,3
J.M.I.P,61-64,1,60,3
J.M.I.P,61-64,1,,1
J.M.I.P,61-64,2,25,1
J.M.I.P,61-64,2,30,2
J.M.I.P,61-64,2,40,5
J.M.I.P,61-64,2,60,4
J.M.I.P,greater than 64,1,30,3
J.M.I.P,greater than 64,1,40,4
J.M.I.P,greater than 64,1,60,4
J.M.I.P,greater than 64,1,99,1
J.M.I.P,greater than 64,1,,3
J.M.I.P,greater than 64,2,30,1
J.M.I.P,greater than 64,2,40,1
J.M.I.P,greater than 64,2,60,4
J.M.I.P,greater than 64,2,70,1
J.M.I.P,greater than 64,2,,2
Joint life,23-30,1,00,28
Joint life,23-30,1,,51
Joint life,23-30,2,00,1
Joint life,23-30,2,,6
Joint life,31-40,1,00,82
Joint life,31-40,1,,167
Joint life,31-40,2,00,6
Joint life,31-40,2,,14
Joint life,41-50,1,00,80
Joint life,41-50,1,,185
Joint life,41-50,2,00,9
Joint life,41-50,2,,38
Joint life,51-60,1,00,46
Joint life,51-60,1,A1,1
Joint life,51-60,1,,99
Joint life,51-60,2,00,4
Joint life,51-60,2,,13
Joint life,61-64,1,00,7
Joint life,61-64,1,,17
Joint life,61-64,2,,2
Joint life,greater than 64,1,00,12
Joint life,greater than 64,1,,36
Joint life,greater than 64,2,00,1
Joint life,greater than 64,2,,11
Joint life(Flexible),18-22,1,30,1
Joint life(Flexible),18-22,1,40,4
Joint life(Flexible),18-22,1,60,14
Joint life(Flexible),18-22,1,99,2
Joint life(Flexible),18-22,1,,2
Joint life(Flexible),18-22,2,30,2
Joint life(Flexible),18-22,2,40,2
Joint life(Flexible),18-22,2,60,12
Joint life(Flexible),23-30,1,25,3
Joint life(Flexible),23-30,1,30,39
Joint life(Flexible),23-30,1,40,15
Joint life(Flexible),23-30,1,60,90
Joint life(Flexible),23-30,1,70,3
Joint life(Flexible),23-30,1,99,11
Joint life(Flexible),23-30,1,,80
Joint life(Flexible),23-30,2,30,1
Joint life(Flexible),23-30,2,40,7
Joint life(Flexible),23-30,2,60,39
Joint life(Flexible),23-30,2,99,2
Joint life(Flexible),23-30,2,,7
Joint life(Flexible),31-40,1,10,3
Joint life(Flexible),31-40,1,25,6
Joint life(Flexible),31-40,1,30,105
Joint life(Flexible),31-40,1,40,38
Joint life(Flexible),31-40,1,60,251
Joint life(Flexible),31-40,1,70,7
Joint life(Flexible),31-40,1,99,32
Joint life(Flexible),31-40,1,A1,3
Joint life(Flexible),31-40,1,,224
Joint life(Flexible),31-40,2,30,20
Joint life(Flexible),31-40,2,40,27
Joint life(Flexible),31-40,2,60,113
Joint life(Flexible),31-40,2,70,1
Joint life(Flexible),31-40,2,99,1
Joint life(Flexible),31-40,2,,14
Joint life(Flexible),41-50,1,10,1
Joint life(Flexible),41-50,1,25,5
Joint life(Flexible),41-50,1,30,88
Joint life(Flexible),41-50,1,40,37
Joint life(Flexible),41-50,1,60,271
Joint life(Flexible),41-50,1,70,16
Joint life(Flexible),41-50,1,99,28
Joint life(Flexible),41-50,1,A1,3
Joint life(Flexible),41-50,1,,181
Joint life(Flexible),41-50,2,10,1
Joint life(Flexible),41-50,2,30,23
Joint life(Flexible),41-50,2,40,34
Joint life(Flexible),41-50,2,60,118
Joint life(Flexible),41-50,2,99,6
Joint life(Flexible),41-50,2,A1,1
Joint life(Flexible),41-50,2,,30
Joint life(Flexible),51-60,1,10,1
Joint life(Flexible),51-60,1,25,5
Joint life(Flexible),51-60,1,30,62
Joint life(Flexible),51-60,1,40,46
Joint life(Flexible),51-60,1,60,211
Joint life(Flexible),51-60,1,70,7
Joint life(Flexible),51-60,1,99,19
Joint life(Flexible),51-60,1,A1,1
Joint life(Flexible),51-60,1,,122
Joint life(Flexible),51-60,2,30,42
Joint life(Flexible),51-60,2,40,38
Joint life(Flexible),51-60,2,60,146
Joint life(Flexible),51-60,2,70,3
Joint life(Flexible),51-60,2,99,10
Joint life(Flexible),51-60,2,A1,1
Joint life(Flexible),51-60,2,,28
Joint life(Flexible),61-64,1,25,1
Joint life(Flexible),61-64,1,30,19
Joint life(Flexible),61-64,1,40,25
Joint life(Flexible),61-64,1,60,57
Joint life(Flexible),61-64,1,70,2
Joint life(Flexible),61-64,1,99,6
Joint life(Flexible),61-64,1,,18
Joint life(Flexible),61-64,2,10,1
Joint life(Flexible),61-64,2,30,16
Joint life(Flexible),61-64,2,40,22
Joint life(Flexible),61-64,2,60,48
Joint life(Flexible),61-64,2,70,1
Joint life(Flexible),61-64,2,99,6
Joint life(Flexible),61-64,2,,15
Joint life(Flexible),greater than 64,1,25,2
Joint life(Flexible),greater than 64,1,30,44
Joint life(Flexible),greater than 64,1,40,42
Joint life(Flexible),greater than 64,1,60,149
Joint life(Flexible),greater than 64,1,70,6
Joint life(Flexible),greater than 64,1,99,12
Joint life(Flexible),greater than 64,1,,57
Joint life(Flexible),greater than 64,2,10,1
Joint life(Flexible),greater than 64,2,25,10
Joint life(Flexible),greater than 64,2,30,35
Joint life(Flexible),greater than 64,2,40,50
Joint life(Flexible),greater than 64,2,60,176
Joint life(Flexible),greater than 64,2,99,7
Joint life(Flexible),greater than 64,2,,41
Juvenile,18-22,1,10,4
Juvenile,18-22,1,30,12
Juvenile,18-22,1,40,5
Juvenile,18-22,1,60,42
Juvenile,18-22,1,70,1
Juvenile,18-22,1,99,4
Juvenile,18-22,1,,17
Juvenile,18-22,2,10,15
Juvenile,18-22,2,30,7
Juvenile,18-22,2,40,13
Juvenile,18-22,2,60,25
Juvenile,18-22,2,99,4
Juvenile,18-22,2,,14
Juvenile,23-30,1,10,157
Juvenile,23-30,1,20,1
Juvenile,23-30,1,25,5
Juvenile,23-30,1,30,201
Juvenile,23-30,1,40,178
Juvenile,23-30,1,60,952
Juvenile,23-30,1,70,27
Juvenile,23-30,1,99,188
Juvenile,23-30,1,,644
Juvenile,23-30,2,10,202
Juvenile,23-30,2,20,1
Juvenile,23-30,2,25,5
Juvenile,23-30,2,30,143
Juvenile,23-30,2,40,120
Juvenile,23-30,2,60,474
Juvenile,23-30,2,70,13
Juvenile,23-30,2,99,150
Juvenile,23-30,2,,258
Juvenile,31-40,1,10,489
Juvenile,31-40,1,20,3
Juvenile,31-40,1,25,15
Juvenile,31-40,1,30,775
Juvenile,31-40,1,40,593
Juvenile,31-40,1,60,3271
Juvenile,31-40,1,70,97
Juvenile,31-40,1,99,610
Juvenile,31-40,1,,2120
Juvenile,31-40,2,10,586
Juvenile,31-40,2,20,3
Juvenile,31-40,2,25,5
Juvenile,31-40,2,30,408
Juvenile,31-40,2,40,366
Juvenile,31-40,2,60,1344
Juvenile,31-40,2,70,25
Juvenile,31-40,2,99,360
Juvenile,31-40,2,,809
Juvenile,41-50,1,10,253
Juvenile,41-50,1,20,2
Juvenile,41-50,1,25,3
Juvenile,41-50,1,30,386
Juvenile,41-50,1,40,283
Juvenile,41-50,1,60,1563
Juvenile,41-50,1,70,46
Juvenile,41-50,1,99,280
Juvenile,41-50,1,,1346
Juvenile,41-50,2,10,228
Juvenile,41-50,2,20,1
Juvenile,41-50,2,25,4
Juvenile,41-50,2,30,149
Juvenile,41-50,2,40,125
Juvenile,41-50,2,60,507
Juvenile,41-50,2,70,9
Juvenile,41-50,2,99,121
Juvenile,41-50,2,,336
Juvenile,51-60,1,10,30
Juvenile,51-60,1,30,73
Juvenile,51-60,1,40,56
Juvenile,51-60,1,60,297
Juvenile,51-60,1,70,9
Juvenile,51-60,1,99,43
Juvenile,51-60,1,,313
Juvenile,51-60,2,10,13
Juvenile,51-60,2,25,1
Juvenile,51-60,2,30,63
Juvenile,51-60,2,40,53
Juvenile,51-60,2,60,211
Juvenile,51-60,2,99,20
Juvenile,51-60,2,,97
Juvenile,61-64,1,30,19
Juvenile,61-64,1,40,11
Juvenile,61-64,1,60,39
Juvenile,61-64,1,70,3
Juvenile,61-64,1,,33
Juvenile,61-64,2,10,2
Juvenile,61-64,2,25,1
Juvenile,61-64,2,30,31
Juvenile,61-64,2,40,16
Juvenile,61-64,2,60,86
Juvenile,61-64,2,70,1
Juvenile,61-64,2,99,1
Juvenile,61-64,2,,42
Juvenile,greater than 64,1,10,1
Juvenile,greater than 64,1,30,11
Juvenile,greater than 64,1,40,14
Juvenile,greater than 64,1,60,44
Juvenile,greater than 64,1,70,1
Juvenile,greater than 64,1,99,4
Juvenile,greater than 64,1,,28
Juvenile,greater than 64,2,10,1
Juvenile,greater than 64,2,30,22
Juvenile,greater than 64,2,40,29
Juvenile,greater than 64,2,60,87
Juvenile,greater than 64,2,99,3
Juvenile,greater than 64,2,,60
Maternity Insurance(or New Pregnant Woman Insurance),23-30,1,30,1
Maternity Insurance(or New Pregnant Woman Insurance),23-30,1,60,1
Maternity Insurance(or New Pregnant Woman Insurance),23-30,2,30,2
Maternity Insurance(or New Pregnant Woman Insurance),23-30,2,,1
Maternity Insurance(or New Pregnant Woman Insurance),31-40,2,40,1
Maternity Insurance(or New Pregnant Woman Insurance),31-40,2,60,1
Maternity Insurance(or New Pregnant Woman Insurance),31-40,2,,1
Medical,18-22,1,10,64
Medical,18-22,1,20,6
Medical,18-22,1,25,15
Medical,18-22,1,30,895
Medical,18-22,1,40,875
Medical,18-22,1,60,2374
Medical,18-22,1,70,591
Medical,18-22,1,99,587
Medical,18-22,1,A1,6
Medical,18-22,1,,660
Medical,18-22,2,10,393
Medical,18-22,2,20,4
Medical,18-22,2,25,14
Medical,18-22,2,30,876
Medical,18-22,2,40,824
Medical,18-22,2,60,1967
Medical,18-22,2,70,388
Medical,18-22,2,99,683
Medical,18-22,2,A1,10
Medical,18-22,2,,757
Medical,23-30,1,10,1282
Medical,23-30,1,20,90
Medical,23-30,1,25,194
Medical,23-30,1,30,10242
Medical,23-30,1,40,8292
Medical,23-30,1,60,21231
Medical,23-30,1,70,6843
Medical,23-30,1,99,8138
Medical,23-30,1,A1,124
Medical,23-30,1,,8004
Medical,23-30,2,10,11948
Medical,23-30,2,20,82
Medical,23-30,2,25,142
Medical,23-30,2,30,9079
Medical,23-30,2,40,7379
Medical,23-30,2,60,17918
Medical,23-30,2,70,4037
Medical,23-30,2,99,9518
Medical,23-30,2,A1,148
Medical,23-30,2,,8878
Medical,31-40,1,10,4178
Medical,31-40,1,20,124
Medical,31-40,1,25,389
Medical,31-40,1,30,21975
Medical,31-40,1,40,16697
Medical,31-40,1,50,1
Medical,31-40,1,60,49874
Medical,31-40,1,70,9291
Medical,31-40,1,99,19673
Medical,31-40,1,A1,546
Medical,31-40,1,,17368
Medical,31-40,2,10,30818
Medical,31-40,2,20,105
Medical,31-40,2,25,283
Medical,31-40,2,30,15811
Medical,31-40,2,40,13491
Medical,31-40,2,60,36763
Medical,31-40,2,70,4022
Medical,31-40,2,99,18452
Medical,31-40,2,A1,531
Medical,31-40,2,,14712
Medical,41-50,1,10,2868
Medical,41-50,1,20,82
Medical,41-50,1,25,265
Medical,41-50,1,30,14983
Medical,41-50,1,40,11751
Medical,41-50,1,60,42449
Medical,41-50,1,70,6778
Medical,41-50,1,99,12539
Medical,41-50,1,A1,696
Medical,41-50,1,,16709
Medical,41-50,2,10,14539
Medical,41-50,2,20,67
Medical,41-50,2,25,221
Medical,41-50,2,30,10687
Medical,41-50,2,40,9802
Medical,41-50,2,50,1
Medical,41-50,2,60,32186
Medical,41-50,2,70,2512
Medical,41-50,2,99,11358
Medical,41-50,2,A1,594
Medical,41-50,2,,12088
Medical,41-50,3,,1
Medical,51-60,1,10,1559
Medical,51-60,1,20,57
Medical,51-60,1,25,182
Medical,51-60,1,30,9606
Medical,51-60,1,40,6874
Medical,51-60,1,60,31914
Medical,51-60,1,70,6763
Medical,51-60,1,99,7243
Medical,51-60,1,A1,629
Medical,51-60,1,,14058
Medical,51-60,2,10,4172
Medical,51-60,2,20,48
Medical,51-60,2,25,139
Medical,51-60,2,30,8021
Medical,51-60,2,40,6828
Medical,51-60,2,50,2
Medical,51-60,2,60,27434
Medical,51-60,2,70,2000
Medical,51-60,2,99,8028
Medical,51-60,2,A1,497
Medical,51-60,2,,9847
Medical,51-60,3,,1
Medical,61-64,1,10,407
Medical,61-64,1,20,22
Medical,61-64,1,25,53
Medical,61-64,1,30,2332
Medical,61-64,1,40,2054
Medical,61-64,1,60,9099
Medical,61-64,1,70,1612
Medical,61-64,1,99,2138
Medical,61-64,1,A1,220
Medical,61-64,1,,3350
Medical,61-64,2,10,678
Medical,61-64,2,20,23
Medical,61-64,2,25,49
Medical,61-64,2,30,2242
Medical,61-64,2,40,2456
Medical,61-64,2,60,9135
Medical,61-64,2,70,511
Medical,61-64,2,99,2731
Medical,61-64,2,A1,279
Medical,61-64,2,,2323
Medical,61-64,3,,1
Medical,greater than 64,1,10,581
Medical,greater than 64,1,20,25
Medical,greater than 64,1,25,66
Medical,greater than 64,1,30,2760
Medical,greater than 64,1,40,2753
Medical,greater than 64,1,60,12828
Medical,greater than 64,1,70,1506
Medical,greater than 64,1,99,3508
Medical,greater than 64,1,A1,543
Medical,greater than 64,1,,4248
Medical,greater than 64,2,10,792
Medical,greater than 64,2,20,27
Medical,greater than 64,2,25,97
Medical,greater than 64,2,30,2967
Medical,greater than 64,2,40,4426
Medical,greater than 64,2,60,16012
Medical,greater than 64,2,70,652
Medical,greater than 64,2,99,6011
Medical,greater than 64,2,A1,780
Medical,greater than 64,2,,3390
Medical,greater than 64,3,,1
Medical（Coins） ,31-40,2,,1
Medical（Coins） ,41-50,1,,2
Medical（Coins） ,41-50,2,,2
Medical（Coins） ,51-60,1,,2
Medical（Coins） ,51-60,2,,4
Medical（Coins） ,61-64,1,,2
Medical（Coins） ,61-64,2,,1
Medical（Coins） ,greater than 64,1,,2
M.I.P,18-22,1,30,5
M.I.P,18-22,1,40,31
M.I.P,18-22,1,60,62
M.I.P,18-22,1,70,2
M.I.P,18-22,1,99,22
M.I.P,18-22,1,,1
M.I.P,18-22,2,30,1
M.I.P,18-22,2,40,5
M.I.P,18-22,2,60,8
M.I.P,18-22,2,70,2
M.I.P,18-22,2,99,3
M.I.P,23-30,1,10,116
M.I.P,23-30,1,20,11
M.I.P,23-30,1,25,22
M.I.P,23-30,1,30,464
M.I.P,23-30,1,40,1767
M.I.P,23-30,1,60,2437
M.I.P,23-30,1,70,140
M.I.P,23-30,1,99,2343
M.I.P,23-30,1,,247
M.I.P,23-30,2,10,11
M.I.P,23-30,2,20,1
M.I.P,23-30,2,25,4
M.I.P,23-30,2,30,92
M.I.P,23-30,2,40,327
M.I.P,23-30,2,60,398
M.I.P,23-30,2,70,10
M.I.P,23-30,2,99,359
M.I.P,23-30,2,,28
M.I.P,31-40,1,10,580
M.I.P,31-40,1,20,53
M.I.P,31-40,1,25,51
M.I.P,31-40,1,30,2016
M.I.P,31-40,1,40,5221
M.I.P,31-40,1,60,9385
M.I.P,31-40,1,70,442
M.I.P,31-40,1,99,7958
M.I.P,31-40,1,A1,1
M.I.P,31-40,1,,1572
M.I.P,31-40,2,10,57
M.I.P,31-40,2,20,6
M.I.P,31-40,2,25,16
M.I.P,31-40,2,30,286
M.I.P,31-40,2,40,1049
M.I.P,31-40,2,60,1560
M.I.P,31-40,2,70,64
M.I.P,31-40,2,99,1082
M.I.P,31-40,2,,97
M.I.P,41-50,1,10,272
M.I.P,41-50,1,20,34
M.I.P,41-50,1,25,41
M.I.P,41-50,1,30,1274
M.I.P,41-50,1,40,2960
M.I.P,41-50,1,60,7028
M.I.P,41-50,1,70,297
M.I.P,41-50,1,99,3512
M.I.P,41-50,1,,1788
M.I.P,41-50,2,10,26
M.I.P,41-50,2,20,4
M.I.P,41-50,2,25,7
M.I.P,41-50,2,30,201
M.I.P,41-50,2,40,632
M.I.P,41-50,2,60,1207
M.I.P,41-50,2,70,40
M.I.P,41-50,2,99,494
M.I.P,41-50,2,,100
M.I.P,51-60,1,10,87
M.I.P,51-60,1,20,9
M.I.P,51-60,1,25,14
M.I.P,51-60,1,30,457
M.I.P,51-60,1,40,943
M.I.P,51-60,1,60,3179
M.I.P,51-60,1,61,1
M.I.P,51-60,1,70,136
M.I.P,51-60,1,99,1001
M.I.P,51-60,1,,904
M.I.P,51-60,2,10,9
M.I.P,51-60,2,20,2
M.I.P,51-60,2,25,2
M.I.P,51-60,2,30,71
M.I.P,51-60,2,40,199
M.I.P,51-60,2,60,560
M.I.P,51-60,2,70,14
M.I.P,51-60,2,99,135
M.I.P,51-60,2,,70
M.I.P,61-64,1,10,10
M.I.P,61-64,1,30,56
M.I.P,61-64,1,40,146
M.I.P,61-64,1,60,443
M.I.P,61-64,1,70,24
M.I.P,61-64,1,99,130
M.I.P,61-64,1,,94
M.I.P,61-64,2,10,1
M.I.P,61-64,2,30,14
M.I.P,61-64,2,40,32
M.I.P,61-64,2,60,116
M.I.P,61-64,2,70,2
M.I.P,61-64,2,99,15
M.I.P,61-64,2,,10
M.I.P,greater than 64,1,10,2
M.I.P,greater than 64,1,20,1
M.I.P,greater than 64,1,30,35
M.I.P,greater than 64,1,40,59
M.I.P,greater than 64,1,60,296
M.I.P,greater than 64,1,70,13
M.I.P,greater than 64,1,99,53
M.I.P,greater than 64,1,A1,1
M.I.P,greater than 64,1,,51
M.I.P,greater than 64,2,10,2
M.I.P,greater than 64,2,20,2
M.I.P,greater than 64,2,30,10
M.I.P,greater than 64,2,40,24
M.I.P,greater than 64,2,60,106
M.I.P,greater than 64,2,70,4
M.I.P,greater than 64,2,99,13
M.I.P,greater than 64,2,,4
Nursing care,18-22,1,00,2
Nursing care,18-22,2,00,6
Nursing care,23-30,1,00,28
Nursing care,23-30,1,,7
Nursing care,23-30,2,00,16
Nursing care,23-30,2,,6
Nursing care,31-40,1,00,99
Nursing care,31-40,1,60,1
Nursing care,31-40,1,,21
Nursing care,31-40,2,00,17
Nursing care,31-40,2,30,1
Nursing care,31-40,2,,5
Nursing care,41-50,1,00,105
Nursing care,41-50,1,30,1
Nursing care,41-50,1,60,1
Nursing care,41-50,1,,25
Nursing care,41-50,2,00,43
Nursing care,41-50,2,30,2
Nursing care,41-50,2,60,1
Nursing care,41-50,2,,14
Nursing care,51-60,1,00,54
Nursing care,51-60,1,60,2
Nursing care,51-60,1,,29
Nursing care,51-60,2,00,30
Nursing care,51-60,2,30,1
Nursing care,51-60,2,40,1
Nursing care,51-60,2,60,1
Nursing care,51-60,2,,35
Nursing care,61-64,1,00,12
Nursing care,61-64,1,,6
Nursing care,61-64,2,00,9
Nursing care,61-64,2,,14
Nursing care,greater than 64,1,00,17
Nursing care,greater than 64,1,60,2
Nursing care,greater than 64,1,,14
Nursing care,greater than 64,2,00,13
Nursing care,greater than 64,2,,15
Term life,18-22,1,00,40
Term life,18-22,1,10,2
Term life,18-22,1,25,1
Term life,18-22,1,30,61
Term life,18-22,1,40,47
Term life,18-22,1,60,155
Term life,18-22,1,70,5
Term life,18-22,1,99,13
Term life,18-22,1,,154
Term life,18-22,2,00,38
Term life,18-22,2,30,20
Term life,18-22,2,40,20
Term life,18-22,2,60,57
Term life,18-22,2,70,5
Term life,18-22,2,99,10
Term life,18-22,2,,108
Term life,23-30,1,00,271
Term life,23-30,1,10,64
Term life,23-30,1,25,24
Term life,23-30,1,30,1080
Term life,23-30,1,40,407
Term life,23-30,1,60,2219
Term life,23-30,1,70,111
Term life,23-30,1,99,372
Term life,23-30,1,A1,3
Term life,23-30,1,,1627
Term life,23-30,2,00,192
Term life,23-30,2,10,33
Term life,23-30,2,20,1
Term life,23-30,2,25,6
Term life,23-30,2,30,295
Term life,23-30,2,40,219
Term life,23-30,2,60,533
Term life,23-30,2,70,28
Term life,23-30,2,99,96
Term life,23-30,2,A1,4
Term life,23-30,2,,708
Term life,31-40,1,00,726
Term life,31-40,1,10,320
Term life,31-40,1,20,4
Term life,31-40,1,25,84
Term life,31-40,1,30,4064
Term life,31-40,1,40,958
Term life,31-40,1,60,7799
Term life,31-40,1,70,340
Term life,31-40,1,99,1662
Term life,31-40,1,A1,31
Term life,31-40,1,,5841
Term life,31-40,2,00,274
Term life,31-40,2,10,82
Term life,31-40,2,20,3
Term life,31-40,2,25,16
Term life,31-40,2,30,723
Term life,31-40,2,40,391
Term life,31-40,2,60,1625
Term life,31-40,2,70,69
Term life,31-40,2,99,248
Term life,31-40,2,A1,6
Term life,31-40,2,,1328
Term life,31-40,3,,1
Term life,41-50,0,,1
Term life,41-50,1,00,1014
Term life,41-50,1,10,400
Term life,41-50,1,20,4
Term life,41-50,1,25,64
Term life,41-50,1,30,2927
Term life,41-50,1,40,854
Term life,41-50,1,60,7175
Term life,41-50,1,70,326
Term life,41-50,1,99,1471
Term life,41-50,1,A1,86
Term life,41-50,1,,7640
Term life,41-50,2,00,342
Term life,41-50,2,10,65
Term life,41-50,2,20,1
Term life,41-50,2,25,18
Term life,41-50,2,30,648
Term life,41-50,2,40,398
Term life,41-50,2,60,1921
Term life,41-50,2,70,66
Term life,41-50,2,99,269
Term life,41-50,2,A1,14
Term life,41-50,2,,1760
Term life,41-50,3,,3
Term life,51-60,1,00,1021
Term life,51-60,1,10,335
Term life,51-60,1,20,3
Term life,51-60,1,25,49
Term life,51-60,1,30,1776
Term life,51-60,1,40,797
Term life,51-60,1,60,6211
Term life,51-60,1,70,240
Term life,51-60,1,99,1147
Term life,51-60,1,A1,179
Term life,51-60,1,,7292
Term life,51-60,2,00,385
Term life,51-60,2,10,37
Term life,51-60,2,25,15
Term life,51-60,2,30,523
Term life,51-60,2,40,345
Term life,51-60,2,60,1926
Term life,51-60,2,70,56
Term life,51-60,2,99,247
Term life,51-60,2,A1,22
Term life,51-60,2,,1804
Term life,51-60,3,,1
Term life,61-64,1,00,268
Term life,61-64,1,10,88
Term life,61-64,1,20,1
Term life,61-64,1,25,5
Term life,61-64,1,30,349
Term life,61-64,1,40,208
Term life,61-64,1,60,1595
Term life,61-64,1,70,54
Term life,61-64,1,99,264
Term life,61-64,1,A1,82
Term life,61-64,1,,1869
Term life,61-64,2,00,101
Term life,61-64,2,10,6
Term life,61-64,2,25,3
Term life,61-64,2,30,138
Term life,61-64,2,40,162
Term life,61-64,2,60,600
Term life,61-64,2,70,17
Term life,61-64,2,99,95
Term life,61-64,2,A1,10
Term life,61-64,2,,471
Term life,greater than 64,1,00,470
Term life,greater than 64,1,10,64
Term life,greater than 64,1,25,9
Term life,greater than 64,1,30,378
Term life,greater than 64,1,40,240
Term life,greater than 64,1,60,1835
Term life,greater than 64,1,70,89
Term life,greater than 64,1,99,332
Term life,greater than 64,1,A1,204
Term life,greater than 64,1,,2774
Term life,greater than 64,2,00,201
Term life,greater than 64,2,10,16
Term life,greater than 64,2,20,1
Term life,greater than 64,2,25,13
Term life,greater than 64,2,30,192
Term life,greater than 64,2,40,275
Term life,greater than 64,2,60,973
Term life,greater than 64,2,70,42
Term life,greater than 64,2,99,190
Term life,greater than 64,2,A1,35
Term life,greater than 64,2,,959
Term life,greater than 64,3,,1
VL Endowment,18-22,1,,3
VL Endowment,18-22,2,,2
VL Endowment,23-30,1,10,1
VL Endowment,23-30,1,30,1
VL Endowment,23-30,1,40,1
VL Endowment,23-30,1,60,5
VL Endowment,23-30,1,99,2
VL Endowment,23-30,1,A1,1
VL Endowment,23-30,1,,18
VL Endowment,23-30,2,30,1
VL Endowment,23-30,2,60,2
VL Endowment,23-30,2,,21
VL Endowment,31-40,1,10,3
VL Endowment,31-40,1,30,3
VL Endowment,31-40,1,40,1
VL Endowment,31-40,1,60,8
VL Endowment,31-40,1,99,9
VL Endowment,31-40,1,,158
VL Endowment,31-40,2,10,1
VL Endowment,31-40,2,30,1
VL Endowment,31-40,2,60,3
VL Endowment,31-40,2,,33
VL Endowment,31-40,3,,1
VL Endowment,41-50,1,10,1
VL Endowment,41-50,1,30,3
VL Endowment,41-50,1,40,5
VL Endowment,41-50,1,60,17
VL Endowment,41-50,1,99,7
VL Endowment,41-50,1,A1,1
VL Endowment,41-50,1,,63
VL Endowment,41-50,2,30,1
VL Endowment,41-50,2,60,5
VL Endowment,41-50,2,99,1
VL Endowment,41-50,2,A1,1
VL Endowment,41-50,2,,35
VL Endowment,41-50,3,,6
VL Endowment,51-60,1,30,1
VL Endowment,51-60,1,40,2
VL Endowment,51-60,1,60,18
VL Endowment,51-60,1,99,4
VL Endowment,51-60,1,,73
VL Endowment,51-60,2,30,1
VL Endowment,51-60,2,40,6
VL Endowment,51-60,2,60,1
VL Endowment,51-60,2,99,1
VL Endowment,51-60,2,,32
VL Endowment,61-64,1,40,1
VL Endowment,61-64,1,A1,1
VL Endowment,61-64,1,,22
VL Endowment,61-64,2,40,2
VL Endowment,61-64,2,60,1
VL Endowment,61-64,2,,7
VL Endowment,greater than 64,1,40,2
VL Endowment,greater than 64,1,60,2
VL Endowment,greater than 64,1,,105
VL Endowment,greater than 64,2,40,3
VL Endowment,greater than 64,2,60,2
VL Endowment,greater than 64,2,,11
VL Whole life,18-22,1,30,12
VL Whole life,18-22,1,40,9
VL Whole life,18-22,1,60,24
VL Whole life,18-22,1,70,1
VL Whole life,18-22,1,99,4
VL Whole life,18-22,1,,14
VL Whole life,18-22,2,30,6
VL Whole life,18-22,2,40,3
VL Whole life,18-22,2,60,12
VL Whole life,18-22,2,99,1
VL Whole life,18-22,2,,6
VL Whole life,23-30,1,10,11
VL Whole life,23-30,1,25,7
VL Whole life,23-30,1,30,249
VL Whole life,23-30,1,40,59
VL Whole life,23-30,1,60,344
VL Whole life,23-30,1,70,19
VL Whole life,23-30,1,99,150
VL Whole life,23-30,1,A1,2
VL Whole life,23-30,1,,153
VL Whole life,23-30,2,10,2
VL Whole life,23-30,2,25,1
VL Whole life,23-30,2,30,119
VL Whole life,23-30,2,40,36
VL Whole life,23-30,2,60,155
VL Whole life,23-30,2,70,9
VL Whole life,23-30,2,99,52
VL Whole life,23-30,2,,88
VL Whole life,31-40,1,10,49
VL Whole life,31-40,1,25,25
VL Whole life,31-40,1,30,833
VL Whole life,31-40,1,40,89
VL Whole life,31-40,1,60,1094
VL Whole life,31-40,1,70,51
VL Whole life,31-40,1,99,449
VL Whole life,31-40,1,A1,6
VL Whole life,31-40,1,,356
VL Whole life,31-40,2,10,5
VL Whole life,31-40,2,25,10
VL Whole life,31-40,2,30,244
VL Whole life,31-40,2,40,128
VL Whole life,31-40,2,60,407
VL Whole life,31-40,2,70,6
VL Whole life,31-40,2,99,115
VL Whole life,31-40,2,A1,1
VL Whole life,31-40,2,,108
VL Whole life,41-50,1,10,30
VL Whole life,41-50,1,25,5
VL Whole life,41-50,1,30,518
VL Whole life,41-50,1,40,102
VL Whole life,41-50,1,60,812
VL Whole life,41-50,1,70,47
VL Whole life,41-50,1,99,264
VL Whole life,41-50,1,A1,11
VL Whole life,41-50,1,,347
VL Whole life,41-50,2,10,5
VL Whole life,41-50,2,25,5
VL Whole life,41-50,2,30,158
VL Whole life,41-50,2,40,47
VL Whole life,41-50,2,60,325
VL Whole life,41-50,2,70,9
VL Whole life,41-50,2,99,62
VL Whole life,41-50,2,,132
VL Whole life,51-60,1,10,11
VL Whole life,51-60,1,25,2
VL Whole life,51-60,1,30,192
VL Whole life,51-60,1,40,48
VL Whole life,51-60,1,60,517
VL Whole life,51-60,1,70,28
VL Whole life,51-60,1,99,105
VL Whole life,51-60,1,A1,4
VL Whole life,51-60,1,,157
VL Whole life,51-60,2,10,3
VL Whole life,51-60,2,25,3
VL Whole life,51-60,2,30,105
VL Whole life,51-60,2,40,45
VL Whole life,51-60,2,60,291
VL Whole life,51-60,2,70,5
VL Whole life,51-60,2,99,65
VL Whole life,51-60,2,A1,1
VL Whole life,51-60,2,,89
VL Whole life,61-64,1,10,1
VL Whole life,61-64,1,25,8
VL Whole life,61-64,1,30,36
VL Whole life,61-64,1,40,12
VL Whole life,61-64,1,60,93
VL Whole life,61-64,1,70,1
VL Whole life,61-64,1,99,22
VL Whole life,61-64,1,,39
VL Whole life,61-64,2,10,1
VL Whole life,61-64,2,30,32
VL Whole life,61-64,2,40,14
VL Whole life,61-64,2,60,73
VL Whole life,61-64,2,70,1
VL Whole life,61-64,2,99,28
VL Whole life,61-64,2,,20
VL Whole life,greater than 64,1,25,2
VL Whole life,greater than 64,1,30,46
VL Whole life,greater than 64,1,40,25
VL Whole life,greater than 64,1,60,139
VL Whole life,greater than 64,1,70,7
VL Whole life,greater than 64,1,99,34
VL Whole life,greater than 64,1,A1,4
VL Whole life,greater than 64,1,,76
VL Whole life,greater than 64,2,30,51
VL Whole life,greater than 64,2,40,23
VL Whole life,greater than 64,2,60,163
VL Whole life,greater than 64,2,70,5
VL Whole life,greater than 64,2,99,38
VL Whole life,greater than 64,2,A1,2
VL Whole life,greater than 64,2,,66
Whole life,18-22,1,00,38
Whole life,18-22,1,10,3
Whole life,18-22,1,20,3
Whole life,18-22,1,25,5
Whole life,18-22,1,30,254
Whole life,18-22,1,40,337
Whole life,18-22,1,60,727
Whole life,18-22,1,70,62
Whole life,18-22,1,99,137
Whole life,18-22,1,,670
Whole life,18-22,2,00,18
Whole life,18-22,2,10,1
Whole life,18-22,2,20,1
Whole life,18-22,2,25,6
Whole life,18-22,2,30,160
Whole life,18-22,2,40,205
Whole life,18-22,2,60,429
Whole life,18-22,2,70,25
Whole life,18-22,2,99,94
Whole life,18-22,2,A1,1
Whole life,18-22,2,,406
Whole life,23-30,1,00,336
Whole life,23-30,1,10,99
Whole life,23-30,1,20,25
Whole life,23-30,1,22,1
Whole life,23-30,1,25,101
Whole life,23-30,1,30,3648
Whole life,23-30,1,40,3371
Whole life,23-30,1,60,6898
Whole life,23-30,1,70,597
Whole life,23-30,1,99,1942
Whole life,23-30,1,A1,3
Whole life,23-30,1,,6067
Whole life,23-30,2,00,190
Whole life,23-30,2,10,45
Whole life,23-30,2,20,10
Whole life,23-30,2,25,45
Whole life,23-30,2,30,1798
Whole life,23-30,2,40,1879
Whole life,23-30,2,60,3524
Whole life,23-30,2,70,193
Whole life,23-30,2,99,1238
Whole life,23-30,2,A1,3
Whole life,23-30,2,AI,1
Whole life,23-30,2,,3092
Whole life,31-40,1,00,731
Whole life,31-40,1,10,223
Whole life,31-40,1,20,27
Whole life,31-40,1,25,168
Whole life,31-40,1,30,7513
Whole life,31-40,1,40,5186
Whole life,31-40,1,60,15085
Whole life,31-40,1,61,1
Whole life,31-40,1,70,876
Whole life,31-40,1,99,3967
Whole life,31-40,1,A1,30
Whole life,31-40,1,,12453
Whole life,31-40,2,00,330
Whole life,31-40,2,10,75
Whole life,31-40,2,20,16
Whole life,31-40,2,25,65
Whole life,31-40,2,30,2967
Whole life,31-40,2,40,2958
Whole life,31-40,2,60,6749
Whole life,31-40,2,70,306
Whole life,31-40,2,99,2058
Whole life,31-40,2,A1,5
Whole life,31-40,2,,4790
Whole life,31-40,3,60,1
Whole life,31-40,3,,1
Whole life,41-50,1,00,767
Whole life,41-50,1,10,176
Whole life,41-50,1,20,12
Whole life,41-50,1,25,110
Whole life,41-50,1,30,4342
Whole life,41-50,1,40,2883
Whole life,41-50,1,50,1
Whole life,41-50,1,60,11595
Whole life,41-50,1,70,568
Whole life,41-50,1,99,2511
Whole life,41-50,1,A1,54
Whole life,41-50,1,,10538
Whole life,41-50,2,00,386
Whole life,41-50,2,10,54
Whole life,41-50,2,20,14
Whole life,41-50,2,25,53
Whole life,41-50,2,30,2103
Whole life,41-50,2,40,1944
Whole life,41-50,2,60,6113
Whole life,41-50,2,70,326
Whole life,41-50,2,99,1664
Whole life,41-50,2,A1,14
Whole life,41-50,2,,4445
Whole life,41-50,3,60,2
Whole life,51-60,1,00,533
Whole life,51-60,1,10,113
Whole life,51-60,1,20,16
Whole life,51-60,1,25,61
Whole life,51-60,1,30,2193
Whole life,51-60,1,40,1414
Whole life,51-60,1,60,7968
Whole life,51-60,1,70,397
Whole life,51-60,1,99,1339
Whole life,51-60,1,A1,94
Whole life,51-60,1,,6794
Whole life,51-60,2,00,326
Whole life,51-60,2,10,69
Whole life,51-60,2,20,3
Whole life,51-60,2,25,37
Whole life,51-60,2,30,1589
Whole life,51-60,2,40,1477
Whole life,51-60,2,60,5434
Whole life,51-60,2,70,367
Whole life,51-60,2,99,1442
Whole life,51-60,2,A1,17
Whole life,51-60,2,,3526
Whole life,51-60,3,,1
Whole life,61-64,1,00,129
Whole life,61-64,1,10,19
Whole life,61-64,1,20,6
Whole life,61-64,1,25,14
Whole life,61-64,1,30,433
Whole life,61-64,1,40,483
Whole life,61-64,1,60,1904
Whole life,61-64,1,70,132
Whole life,61-64,1,99,441
Whole life,61-64,1,A1,46
Whole life,61-64,1,,1396
Whole life,61-64,2,00,87
Whole life,61-64,2,10,22
Whole life,61-64,2,20,5
Whole life,61-64,2,25,21
Whole life,61-64,2,30,388
Whole life,61-64,2,40,536
Whole life,61-64,2,60,1500
Whole life,61-64,2,70,201
Whole life,61-64,2,99,509
Whole life,61-64,2,A1,13
Whole life,61-64,2,,831
Whole life,greater than 64,1,00,253
Whole life,greater than 64,1,10,42
Whole life,greater than 64,1,20,2
Whole life,greater than 64,1,25,27
Whole life,greater than 64,1,30,473
Whole life,greater than 64,1,40,741
Whole life,greater than 64,1,60,2668
Whole life,greater than 64,1,70,279
Whole life,greater than 64,1,99,740
Whole life,greater than 64,1,A1,147
Whole life,greater than 64,1,,1915
Whole life,greater than 64,2,00,210
Whole life,greater than 64,2,10,45
Whole life,greater than 64,2,20,6
Whole life,greater than 64,2,25,27
Whole life,greater than 64,2,30,587
Whole life,greater than 64,2,40,960
Whole life,greater than 64,2,60,2821
Whole life,greater than 64,2,70,683
Whole life,greater than 64,2,99,1191
Whole life,greater than 64,2,A1,61
Whole life,greater than 64,2,,1539
Whole life,greater than 64,3,,1
