Policy Type,Representative CD,Policy Type Name
100,10,Whole life
101,10,Whole life
102,10,Whole life
103,10,Whole life
104,10,Whole life
105,10,Whole life
106,10,Whole life
107,10,Whole life
108,10,Whole life
109,10,Whole life
110,11,Term life
111,11,Term life
112,11,Term life
113,11,Term life
114,11,Term life
115,11,Term life
116,11,Term life
117,11,Term life
118,11,Term life
120,12,M.I.P
121,12,M.I.P
122,12,M.I.P
123,12,M.I.P
124,12,M.I.P
125,12,M.I.P
126,12,M.I.P
127,12,M.I.P
128,12,M.I.P
129,12,M.I.P
130,13,Cancer
131,13,Cancer
132,13,Cancer
133,13,Cancer
134,13,Cancer
135,13,Cancer
136,13,Cancer
137,13,Cancer
140,14,Nursing care
141,14,Nursing care
142,14,Nursing care
150,15,Medical
151,15,Medical
152,15,Medical
153,15,Medical
154,15,Medical
155,15,Medical
160,16,Female Disease
161,16,Female Disease
162,16,Female Disease
163,16,Female Disease
164,16,Female Disease
165,16,Female Disease
170,17,Dread Disease W.L.
171,17,Dread Disease W.L.
173,17,Dread Disease W.L.
174,17,Dread Disease W.L.
180,18,Dread Disease T.L.
181,18,Dread Disease T.L.
182,18,Dread Disease T.L.
183,18,Dread Disease T.L.
190,19,Maternity Insurance(or New Pregnant Woman Insurance)
191,19,Maternity Insurance(or New Pregnant Woman Insurance)
192,19,Maternity Insurance(or New Pregnant Woman Insurance)
1A0,21,Inc. Dec. Term Life
1A1,21,Inc. Dec. Term Life
1A2,21,Inc. Dec. Term Life
1A3,21,Inc. Dec. Term Life
1A4,21,Inc. Dec. Term Life
1A5,21,Inc. Dec. Term Life
1A6,21,Inc. Dec. Term Life
1A7,21,Inc. Dec. Term Life
1A8,15,Medical
1A9,15,Medical
1AA,21,Inc. Dec. Term Life
1AB,21,Inc. Dec. Term Life
1AC,21,Inc. Dec. Term Life
1AD,21,Inc. Dec. Term Life
1AE,21,Inc. Dec. Term Life
1AF,21,Inc. Dec. Term Life
1AG,21,Inc. Dec. Term Life
1AH,21,Inc. Dec. Term Life
1AJ,21,Inc. Dec. Term Life
1AK,21,Inc. Dec. Term Life
1AL,21,Inc. Dec. Term Life
1AM,21,Inc. Dec. Term Life
1AN,21,Inc. Dec. Term Life
1AP,21,Inc. Dec. Term Life
1AQ,21,Inc. Dec. Term Life
1AR,21,Inc. Dec. Term Life
1AS,21,Inc. Dec. Term Life
1AT,21,Inc. Dec. Term Life
1AU,21,Inc. Dec. Term Life
1AV,21,Inc. Dec. Term Life
1AW,21,Inc. Dec. Term Life
1AX,21,Inc. Dec. Term Life
1AY,21,Inc. Dec. Term Life
1AZ,21,Inc. Dec. Term Life
1B0,15,Medical
1B1,15,Medical
1B2,15,Medical
1B3,15,Medical
1B4,15,Medical
1B5,15,Medical
1B6,15,Medical
1B7,15,Medical
1B8,15,Medical
1B9,15,Medical
1BA,15,Medical
1BB,15,Medical
1BC,15,Medical
1BD,15,Medical
1BE,15,Medical
1BF,15,Medical
1BG,15,Medical
1BH,15,Medical
1BJ,15,Medical
1BK,15,Medical
1BL,15,Medical
1BM,15,Medical
1BN,15,Medical
1BP,15,Medical
1BQ,15,Medical
1BR,15,Medical
1BS,15,Medical
1BT,15,Medical
1BU,15,Medical
1BV,15,Medical
1BW,15,Medical
1BX,15,Medical
1BY,15,Medical
1BZ,15,Medical
1C0,15,Medical
1C1,15,Medical
1C2,15,Medical
1C3,15,Medical
1C4,15,Medical
1C5,15,Medical
1C6,15,Medical
1C7,15,Medical
1C8,15,Medical
1C9,15,Medical
1CA,15,Medical
1CB,15,Medical
1CC,15,Medical
1CD,15,Medical
1CE,15,Medical
1CF,15,Medical
1CG,15,Medical
1CH,15,Medical
1CJ,15,Medical
1CK,15,Medical
1CL,15,Medical
1CM,15,Medical
1CN,15,Medical
1CP,15,Medical
1CQ,15,Medical
1CR,15,Medical
1CS,15,Medical
1CT,15,Medical
1CU,15,Medical
1CV,15,Medical
1CW,15,Medical
1CX,15,Medical
1CY,15,Medical
1CZ,15,Medical
1D0,15,Medical
1D1,15,Medical
1D2,15,Medical
1D3,15,Medical
1D4,15,Medical
1D5,15,Medical
1D6,15,Medical
1D7,15,Medical
1D8,15,Medical
1D9,15,Medical
1DA,15,Medical
1DB,15,Medical
1DC,15,Medical
1DD,15,Medical
1DE,15,Medical
1DF,15,Medical
1DG,15,Medical
1DH,15,Medical
1DJ,15,Medical
1DK,15,Medical
1DL,15,Medical
1DM,15,Medical
1DN,15,Medical
1DP,15,Medical
1DQ,15,Medical
1DR,15,Medical
1DS,15,Medical
1DT,15,Medical
1DU,15,Medical
1DV,15,Medical
1DW,15,Medical
1DX,15,Medical
1DY,15,Medical
1DZ,15,Medical
1E0,15,Medical
1E1,15,Medical
1E2,15,Medical
1E3,15,Medical
1E4,15,Medical
1E5,15,Medical
1E6,15,Medical
1E7,15,Medical
1E8,15,Medical
1E9,15,Medical
1EA,15,Medical
1EB,15,Medical
1EC,15,Medical
1ED,15,Medical
1EE,15,Medical
1EF,15,Medical
1EG,15,Medical
1EH,15,Medical
1EJ,15,Medical
1EK,15,Medical
1EL,15,Medical
1EM,15,Medical
1EN,15,Medical
1EP,15,Medical
1EQ,15,Medical
1ER,15,Medical
1ES,15,Medical
1ET,15,Medical
1EU,15,Medical
1EV,15,Medical
1EW,15,Medical
1EX,15,Medical
1EY,15,Medical
1EZ,15,Medical
1F0,13,Cancer
1F1,16,Female Disease
1F2,16,Female Disease
1F3,16,Female Disease
1F4,16,Female Disease
1F5,16,Female Disease
1F6,16,Female Disease
1F7,31,Joint life(Flexible)
1F8,31,Joint life(Flexible)
1F9,32,J.M.I.P
1FA,15,Medical
1FB,15,Medical
1FC,15,Medical
1FD,15,Medical
1FE,15,Medical
1FF,15,Medical
1FG,15,Medical
1FH,15,Medical
1FJ,15,Medical
1FK,15,Medical
1FL,21,Inc. Dec. Term Life
1FM,21,Inc. Dec. Term Life
1FN,10,Whole life
1FP,10,Whole life
1FQ,10,Whole life
1FR,11,Term life
1FS,11,Term life
1FT,14,Nursing care
1FU,17,Dread Disease W.L.
1FV,18,Dread Disease T.L.
1FW,20,Endowment
1FX,20,Endowment
1FY,22,Juvenile
1FZ,22,Juvenile
1G0,13,Cancer
1G1,13,Cancer
1G2,13,Cancer
1G3,13,Cancer
1G4,17,Dread Disease W.L.
1G5,13,Cancer
1G6,13,Cancer
1G7,13,Cancer
1G8,13,Cancer
1G9,13,Cancer
1GA,32,J.M.I.P
1GB,42,Annuity(Annuity Certain )
1GC,43,Annuity(Whole Life Annuity With Guaranteed Installment )
1GD,43,Annuity(Whole Life Annuity With Guaranteed Installment )
1GE,15,Medical
1GF,15,Medical
1GG,15,Medical
1GH,15,Medical
1GJ,15,Medical
1GK,15,Medical
1GL,15,Medical
1GM,15,Medical
1GN,13,Cancer
1GP,13,Cancer
1GQ,13,Cancer
1GR,13,Cancer
1GS,13,Cancer
1GT,13,Cancer
1GU,13,Cancer
1GV,13,Cancer
1GW,13,Cancer
1GX,13,Cancer
1GY,13,Cancer
1GZ,13,Cancer
1H0,12,M.I.P
1H1,12,M.I.P
1H2,12,M.I.P
1H3,12,M.I.P
1H4,12,M.I.P
1H5,12,M.I.P
1H6,12,M.I.P
1H7,12,M.I.P
1H8,21,Inc. Dec. Term Life
1H9,42,Annuity(Annuity Certain )
1HA,13,Cancer
1HB,13,Cancer
1HC,13,Cancer
1HD,13,Cancer
1HE,13,Cancer
1HF,15,Medical
1HG,15,Medical
1HJ,12,M.I.P
1HK,12,M.I.P
1HL,12,M.I.P
1HM,12,M.I.P
1HN,12,M.I.P
1HP,12,M.I.P
1HQ,12,M.I.P
1HR,12,M.I.P
1HS,12,M.I.P
1HT,12,M.I.P
1HU,12,M.I.P
1HV,12,M.I.P
1HW,12,M.I.P
1HX,12,M.I.P
1HY,12,M.I.P
1HZ,12,M.I.P
1J0,15,Medical
1J1,10,Whole life
1J2,15,Medical
1J3,11,Term life
1J4,11,Term life
1J5,11,Term life
1J6,11,Term life
1J7,11,Term life
1J8,11,Term life
1J9,13,Cancer
1JA,42,Annuity(Annuity Certain )
1JB,43,Annuity(Whole Life Annuity With Guaranteed Installment )
1JC,43,Annuity(Whole Life Annuity With Guaranteed Installment )
1JD,43,Annuity(Whole Life Annuity With Guaranteed Installment )
1JE,43,Annuity(Whole Life Annuity With Guaranteed Installment )
1JF,11,Term life
1JG,11,Term life
1JH,15,Medical
1JJ,15,Medical
1JK,15,Medical
1JL,15,Medical
1JM,15,Medical
1JN,15,Medical
1JP,15,Medical
1JQ,15,Medical
1JR,15,Medical
1JS,15,Medical
1JT,15,Medical
1JU,15,Medical
1JV,11,Term life
1JW,11,Term life
1JX,11,Term life
1JY,11,Term life
1JZ,15,Medical
1K0,12,M.I.P
1K1,15,Medical
1K2,15,Medical
1K3,15,Medical
1K4,15,Medical
1K6,10,Whole life
1K7,10,Whole life
1K8,10,Whole life
1K9,10,Whole life
1KA,13,Cancer
1KB,23,Injury
1KC,21,Inc. Dec. Term Life
1KD,12,M.I.P
1KE,12,M.I.P
1KF,12,M.I.P
1KG,12,M.I.P
1KH,12,M.I.P
1KJ,12,M.I.P
1KK,12,M.I.P
1KL,12,M.I.P
1KM,12,M.I.P
1KN,12,M.I.P
1KP,12,M.I.P
1KQ,12,M.I.P
1KR,10,Whole life
1KS,10,Whole life
1KT,13,Cancer
1KU,21,Inc. Dec. Term Life
1KV,12,M.I.P
1KW,12,M.I.P
1KX,12,M.I.P
1KY,12,M.I.P
1KZ,12,M.I.P
1L0,12,M.I.P
1L1,12,M.I.P
1L2,12,M.I.P
1L3,12,M.I.P
1L4,12,M.I.P
1L5,13,Cancer
1L6,13,Cancer
1L7,13,Cancer
1L8,13,Cancer
1L9,13,Cancer
1LA,10,Whole life
1LB,11,Term life
1LC,11,Term life
1LD,11,Term life
1LE,11,Term life
1LF,11,Term life
1LG,11,Term life
1LH,11,Term life
1LJ,11,Term life
1LK,11,Term life
1LL,11,Term life
1LM,12,M.I.P
1LN,12,M.I.P
1LP,12,M.I.P
1LQ,12,M.I.P
1LR,12,M.I.P
1LS,12,M.I.P
1LT,12,M.I.P
1LU,12,M.I.P
1LV,12,M.I.P
1LW,12,M.I.P
1LX,12,M.I.P
1LY,12,M.I.P
1LZ,12,M.I.P
1M1,15,Medical
1M2,15,Medical
1M3,15,Medical
1M4,15,Medical
1M5,15,Medical
1M6,15,Medical
1M7,15,Medical
1M8,15,Medical
1M9,15,Medical
1MA,13,Cancer
1MB,13,Cancer
1MC,13,Cancer
1MD,13,Cancer
1ME,13,Cancer
1MF,13,Cancer
1MG,13,Cancer
1MH,13,Cancer
1MJ,13,Cancer
1MK,13,Cancer
1ML,13,Cancer
1MM,13,Cancer
1MN,13,Cancer
1MP,13,Cancer
1MQ,13,Cancer
1MR,13,Cancer
1MS,13,Cancer
1MT,13,Cancer
1MU,13,Cancer
1MV,13,Cancer
1MW,13,Cancer
1MX,14,Nursing care
1N0,15,Medical
1N1,15,Medical
1N2,15,Medical
1N3,15,Medical
1N4,15,Medical
1N5,15,Medical
1N6,15,Medical
1N7,15,Medical
1N8,15,Medical
1N9,15,Medical
1NA,15,Medical
1NB,15,Medical
1NC,15,Medical
1ND,15,Medical
1NE,15,Medical
1NF,15,Medical
1NG,15,Medical
1NH,15,Medical
1NJ,15,Medical
1NK,15,Medical
1NL,15,Medical
1NM,15,Medical
1NN,15,Medical
1NP,15,Medical
1NQ,15,Medical
1NR,15,Medical
1NS,15,Medical
1NT,15,Medical
1NU,15,Medical
1NV,15,Medical
1NW,15,Medical
1NX,15,Medical
1NY,15,Medical
1NZ,15,Medical
1P0,15,Medical
1P1,15,Medical
1P2,15,Medical
1P3,15,Medical
1P4,15,Medical
1P5,15,Medical
1P6,15,Medical
1P7,15,Medical
1P8,15,Medical
1P9,15,Medical
1PA,15,Medical
1PB,15,Medical
1PC,15,Medical
1PD,15,Medical
1PE,15,Medical
1PF,15,Medical
1PG,15,Medical
1PH,15,Medical
1PJ,15,Medical
1PK,15,Medical
1PL,15,Medical
1PM,15,Medical
1PN,15,Medical
1PP,15,Medical
1PQ,15,Medical
1PR,15,Medical
1PS,15,Medical
1PT,15,Medical
1PU,15,Medical
1PV,15,Medical
1PW,15,Medical
1PX,15,Medical
1PY,15,Medical
1PZ,15,Medical
1Q0,15,Medical
1Q1,15,Medical
1Q2,15,Medical
1Q3,15,Medical
1Q4,15,Medical
1Q5,15,Medical
1Q6,15,Medical
1Q7,15,Medical
1Q8,15,Medical
1Q9,15,Medical
1QA,15,Medical
1QB,15,Medical
1QC,15,Medical
1QD,15,Medical
1QE,15,Medical
1QF,15,Medical
1QG,15,Medical
1QH,15,Medical
1QJ,15,Medical
1QK,15,Medical
1QL,15,Medical
1QM,15,Medical
1QN,15,Medical
1QP,15,Medical
1QQ,15,Medical
1QR,15,Medical
1QS,15,Medical
1QT,15,Medical
1QU,15,Medical
1QV,15,Medical
1QW,15,Medical
1QX,15,Medical
1QY,15,Medical
1QZ,15,Medical
1R0,15,Medical
1R1,15,Medical
1R2,15,Medical
1R3,15,Medical
1R4,15,Medical
1R5,15,Medical
1R6,15,Medical
1R7,15,Medical
1R8,15,Medical
1R9,15,Medical
1RA,15,Medical
1RB,15,Medical
1RC,15,Medical
1RD,15,Medical
1RE,15,Medical
1RF,15,Medical
1RG,15,Medical
1RH,15,Medical
1RJ,15,Medical
1RK,15,Medical
1RL,15,Medical
1RM,15,Medical
1RN,15,Medical
1RP,15,Medical
1RQ,15,Medical
1RR,15,Medical
1RS,15,Medical
1RT,15,Medical
1RU,15,Medical
1RV,15,Medical
1RW,15,Medical
1RX,15,Medical
1RY,15,Medical
1RZ,15,Medical
1S0,15,Medical
1S1,15,Medical
1S2,15,Medical
1S3,15,Medical
1S4,16,Female Disease
1S5,16,Female Disease
1S6,16,Female Disease
1S7,16,Female Disease
1S8,16,Female Disease
1S9,16,Female Disease
1SA,15,Medical
1SB,15,Medical
1SC,15,Medical
1SD,15,Medical
1SE,15,Medical
1SF,15,Medical
1SG,15,Medical
1SH,15,Medical
1SJ,15,Medical
1SK,15,Medical
1SL,15,Medical
1SM,15,Medical
1SN,15,Medical
1SP,15,Medical
1SQ,15,Medical
1SR,15,Medical
1SS,15,Medical
1ST,15,Medical
1SU,15,Medical
1SV,15,Medical
1SW,15,Medical
1SX,15,Medical
1SY,15,Medical
1SZ,15,Medical
1TA,17,Dread Disease W.L.
1TB,17,Dread Disease W.L.
1TC,18,Dread Disease T.L.
1TD,19,Maternity Insurance(or New Pregnant Woman Insurance)
1TE,20,Endowment
1TF,20,Endowment
1TG,21,Inc. Dec. Term Life
1TH,22,Juvenile
1TJ,22,Juvenile
1TK,23,Injury
1TL,31,Joint life(Flexible)
1TM,31,Joint life(Flexible)
1TN,32,J.M.I.P
1TP,32,J.M.I.P
1TQ,42,Annuity(Annuity Certain )
1TR,42,Annuity(Annuity Certain )
1TS,43,Annuity(Whole Life Annuity With Guaranteed Installment )
1TT,43,Annuity(Whole Life Annuity With Guaranteed Installment )
1TU,43,Annuity(Whole Life Annuity With Guaranteed Installment )
1TV,43,Annuity(Whole Life Annuity With Guaranteed Installment )
1TW,10,Whole life
1TX,10,Whole life
1TY,10,Whole life
1TZ,15,Medical
1T0,15,Medical
1T1,15,Medical
1T2,15,Medical
1T3,15,Medical
1T4,15,Medical
1T5,15,Medical
1T6,15,Medical
1T7,15,Medical
1T8,15,Medical
1T9,15,Medical
1UA,15,Medical
1UB,15,Medical
1UC,15,Medical
1UD,15,Medical
1UE,15,Medical
1UF,15,Medical
1UG,15,Medical
1UH,15,Medical
1UJ,15,Medical
1UK,15,Medical
1UL,15,Medical
1UM,15,Medical
1UN,15,Medical
1UP,15,Medical
1UQ,15,Medical
1UR,15,Medical
1US,15,Medical
1UT,15,Medical
1UU,15,Medical
1UV,15,Medical
1UW,15,Medical
1UX,15,Medical
1UY,15,Medical
1UZ,15,Medical
1U0,15,Medical
1U1,15,Medical
1U2,15,Medical
1U3,15,Medical
1U4,15,Medical
1U5,15,Medical
1U6,15,Medical
1U7,15,Medical
1U8,15,Medical
1U9,15,Medical
1VA,15,Medical
1VB,15,Medical
1VC,15,Medical
1VD,15,Medical
1VE,15,Medical
1VF,15,Medical
1VG,15,Medical
1VH,15,Medical
1VJ,15,Medical
1VK,15,Medical
1VL,15,Medical
1VM,15,Medical
1VN,15,Medical
1VP,15,Medical
1VQ,15,Medical
1VR,15,Medical
1VS,15,Medical
1VT,15,Medical
1VU,15,Medical
1VV,15,Medical
1VW,15,Medical
1VX,15,Medical
1VY,15,Medical
1VZ,15,Medical
1V0,15,Medical
1V1,15,Medical
1V2,15,Medical
1V3,15,Medical
1V4,15,Medical
1V5,15,Medical
1V6,15,Medical
1V7,15,Medical
1V8,15,Medical
1V9,15,Medical
1WA,15,Medical
1WB,15,Medical
1WC,15,Medical
1WD,15,Medical
1WE,15,Medical
1WF,15,Medical
1WG,15,Medical
1WH,15,Medical
1WJ,15,Medical
1WK,15,Medical
1WL,15,Medical
1WM,15,Medical
1WN,15,Medical
1WP,15,Medical
1WQ,15,Medical
1WR,15,Medical
1WS,15,Medical
1WT,15,Medical
1WU,15,Medical
1WV,15,Medical
1WW,15,Medical
1WX,15,Medical
1WY,15,Medical
1WZ,15,Medical
1W0,15,Medical
1W1,15,Medical
1W2,15,Medical
1W3,15,Medical
1W4,15,Medical
1W5,15,Medical
1W6,15,Medical
1W7,15,Medical
1W8,15,Medical
1W9,15,Medical
1XA,11,Term life
1XB,11,Term life
1XC,11,Term life
1XD,12,M.I.P
1XE,12,M.I.P
1XF,12,M.I.P
1XG,12,M.I.P
1XH,12,M.I.P
1XJ,12,M.I.P
1XK,12,M.I.P
1XL,12,M.I.P
1XM,12,M.I.P
1XN,12,M.I.P
1XP,12,M.I.P
1XQ,12,M.I.P
1XR,12,M.I.P
1XS,12,M.I.P
1XT,12,M.I.P
1XU,12,M.I.P
1XV,12,M.I.P
1XW,12,M.I.P
1XX,12,M.I.P
1XY,12,M.I.P
1XZ,12,M.I.P
1X0,12,M.I.P
1X1,12,M.I.P
1X2,12,M.I.P
1X3,13,Cancer
1X4,13,Cancer
1X5,13,Cancer
1X6,13,Cancer
1X7,13,Cancer
1X8,13,Cancer
1X9,13,Cancer
1YA,13,Cancer
1YB,13,Cancer
1YC,13,Cancer
1YD,13,Cancer
1YE,13,Cancer
1YF,13,Cancer
1YG,13,Cancer
1YH,13,Cancer
1YJ,13,Cancer
1YK,13,Cancer
1YL,13,Cancer
1YM,13,Cancer
1YN,13,Cancer
1YP,13,Cancer
1YQ,13,Cancer
1YR,13,Cancer
1YS,13,Cancer
1YT,13,Cancer
1YU,13,Cancer
1YV,13,Cancer
1YW,13,Cancer
1YX,13,Cancer
1YY,10,Whole life
1YZ,10,Whole life
1Y0,10,Whole life
1Y1,15,Medical
1Y2,15,Medical
1Y3,15,Medical
1Y4,15,Medical
1Y5,15,Medical
1Y6,15,Medical
1Y7,15,Medical
1Y8,15,Medical
1Y9,15,Medical
1ZA,15,Medical
1ZB,15,Medical
1ZC,15,Medical
1ZD,15,Medical
1ZE,15,Medical
1ZF,15,Medical
1ZG,15,Medical
1ZH,15,Medical
1ZJ,15,Medical
1ZK,15,Medical
1ZL,15,Medical
1ZM,15,Medical
1ZN,15,Medical
1ZP,15,Medical
1ZQ,15,Medical
1ZR,15,Medical
1ZS,15,Medical
1ZT,15,Medical
1ZU,15,Medical
1ZV,15,Medical
1ZW,11,Term life
1ZX,11,Term life
1ZY,11,Term life
1ZZ,11,Term life
1Z0,21,Inc. Dec. Term Life
1Z1,24,Medical（Coins） 
1Z2,12,M.I.P
1Z3,12,M.I.P
1Z4,12,M.I.P
1Z5,12,M.I.P
1Z6,12,M.I.P
1Z7,12,M.I.P
1Z8,12,M.I.P
1Z9,12,M.I.P
200,20,Endowment
201,20,Endowment
202,20,Endowment
203,20,Endowment
204,20,Endowment
205,20,Endowment
206,20,Endowment
207,20,Endowment
208,20,Endowment
209,20,Endowment
220,22,Juvenile
221,22,Juvenile
222,22,Juvenile
223,22,Juvenile
224,22,Juvenile
225,22,Juvenile
226,22,Juvenile
227,22,Juvenile
228,22,Juvenile
229,22,Juvenile
230,22,Juvenile
231,22,Juvenile
232,13,Cancer
233,13,Cancer
234,13,Cancer
235,13,Cancer
236,13,Cancer
237,13,Cancer
238,13,Cancer
239,13,Cancer
240,13,Cancer
241,13,Cancer
242,13,Cancer
243,13,Cancer
244,13,Cancer
245,13,Cancer
246,13,Cancer
250,15,Medical
251,15,Medical
252,15,Medical
253,15,Medical
254,15,Medical
255,15,Medical
256,15,Medical
257,15,Medical
258,15,Medical
259,15,Medical
260,16,Female Disease
261,16,Female Disease
262,16,Female Disease
263,16,Female Disease
264,16,Female Disease
265,16,Female Disease
266,15,Medical
267,15,Medical
268,16,Female Disease
269,16,Female Disease
270,16,Female Disease
271,16,Female Disease
272,16,Female Disease
273,16,Female Disease
274,15,Medical
275,15,Medical
276,15,Medical
277,15,Medical
278,12,M.I.P
279,12,M.I.P
280,15,Medical
281,15,Medical
282,15,Medical
283,15,Medical
284,15,Medical
285,15,Medical
286,15,Medical
287,15,Medical
288,15,Medical
289,15,Medical
290,15,Medical
291,15,Medical
292,15,Medical
293,15,Medical
294,15,Medical
295,15,Medical
296,15,Medical
297,15,Medical
2AA,12,M.I.P
2AB,12,M.I.P
2AC,12,M.I.P
2AD,12,M.I.P
300,30,Joint life
301,30,Joint life
302,30,Joint life
303,30,Joint life
304,30,Joint life
305,30,Joint life
310,31,Joint life(Flexible)
311,31,Joint life(Flexible)
312,31,Joint life(Flexible)
313,31,Joint life(Flexible)
314,31,Joint life(Flexible)
315,31,Joint life(Flexible)
316,31,Joint life(Flexible)
317,31,Joint life(Flexible)
318,31,Joint life(Flexible)
319,31,Joint life(Flexible)
320,32,J.M.I.P
321,32,J.M.I.P
322,32,J.M.I.P
323,32,J.M.I.P
324,32,J.M.I.P
325,32,J.M.I.P
326,32,J.M.I.P
327,32,J.M.I.P
328,32,J.M.I.P
329,32,J.M.I.P
400,40,VL Whole life
401,40,VL Whole life
402,40,VL Whole life
403,40,VL Whole life
404,40,VL Whole life
410,41,VL Endowment
411,41,VL Endowment
412,41,VL Endowment
413,41,VL Endowment
414,41,VL Endowment
420,42,Annuity(Annuity Certain )
421,42,Annuity(Annuity Certain )
430,43,Annuity(Whole Life Annuity With Guaranteed Installment )
431,43,Annuity(Whole Life Annuity With Guaranteed Installment )
432,43,Annuity(Whole Life Annuity With Guaranteed Installment )
433,43,Annuity(Whole Life Annuity With Guaranteed Installment )
450,15,Medical
451,15,Medical
452,15,Medical
453,15,Medical
454,15,Medical
455,15,Medical
456,15,Medical
457,15,Medical
458,15,Medical
459,15,Medical
460,15,Medical
461,15,Medical
500,50,Term rider
501,50,Term rider
502,50,Term rider
503,50,Term rider
504,50,Term rider
505,50,Term rider
506,50,Term rider
507,50,Term rider
508,50,Term rider
509,50,Term rider
510,51,Price Index rider
511,51,Price Index rider
512,51,Price Index rider
513,51,Price Index rider
514,51,Price Index rider
515,50,Term rider
516,50,Term rider
517,50,Term rider
518,51,Price Index rider
520,52,Inc. Term rider
521,52,Inc. Term rider
522,52,Inc. Term rider
523,52,Inc. Term rider
524,52,Inc. Term rider
525,52,Inc. Term rider
526,52,Inc. Term rider
527,52,Inc. Term rider
528,52,Inc. Term rider
529,52,Inc. Term rider
530,52,Inc. Term rider
531,52,Inc. Term rider
532,52,Inc. Term rider
533,52,Inc. Term rider
534,52,Inc. Term rider
535,52,Inc. Term rider
536,52,Inc. Term rider
537,52,Inc. Term rider
538,52,Inc. Term rider
539,52,Inc. Term rider
540,52,Inc. Term rider
541,52,Inc. Term rider
542,52,Inc. Term rider
543,52,Inc. Term rider
544,52,Inc. Term rider
545,52,Inc. Term rider
546,52,Inc. Term rider
547,52,Inc. Term rider
548,52,Inc. Term rider
549,52,Inc. Term rider
550,55,Endowment rider
551,55,Endowment rider
552,55,Endowment rider
553,55,Endowment rider
554,55,Endowment rider
555,55,Endowment rider
556,55,Endowment rider
557,55,Endowment rider
558,55,Endowment rider
560,55,Endowment rider
561,55,Endowment rider
562,55,Endowment rider
563,55,Endowment rider
564,55,Endowment rider
565,55,Endowment rider
566,55,Endowment rider
570,57,M.I.P rider
571,57,M.I.P rider
572,57,M.I.P rider
573,57,M.I.P rider
574,57,M.I.P rider
575,57,M.I.P rider
580,50,Term rider
581,50,Term rider
582,50,Term rider
583,50,Term rider
584,50,Term rider
590,52,Inc. Term rider
591,52,Inc. Term rider
5A0,50,Term rider
5A1,53,Inc. Dec. Term rider
5A2,53,Inc. Dec. Term rider
5A3,53,Inc. Dec. Term rider
5A4,53,Inc. Dec. Term rider
5A5,53,Inc. Dec. Term rider
5A6,53,Inc. Dec. Term rider
5A7,53,Inc. Dec. Term rider
5A8,53,Inc. Dec. Term rider
5A9,53,Inc. Dec. Term rider
5AA,50,Term rider
5AB,50,Term rider
5AC,50,Term rider
5AD,50,Term rider
5AE,52,Inc. Term rider
5AF,52,Inc. Term rider
5AG,52,Inc. Term rider
5AH,52,Inc. Term rider
5AJ,52,Inc. Term rider
5AK,52,Inc. Term rider
5AL,52,Inc. Term rider
5AM,52,Inc. Term rider
5AN,55,Endowment rider
5AP,55,Endowment rider
5AQ,55,Endowment rider
5AR,57,M.I.P rider
5AS,57,M.I.P rider
5AT,57,M.I.P rider
5AU,57,M.I.P rider
5AV,57,M.I.P rider
5AW,57,M.I.P rider
5AX,50,Term rider
5AY,50,Term rider
5AZ,50,Term rider
5B0,57,M.I.P rider
5B1,57,M.I.P rider
5B2,57,M.I.P rider
5B3,57,M.I.P rider
5B4,57,M.I.P rider
5B5,57,M.I.P rider
5B6,57,M.I.P rider
5B7,57,M.I.P rider
5B8,57,M.I.P rider
5B9,57,M.I.P rider
5BA,53,Inc. Dec. Term rider
5BB,53,Inc. Dec. Term rider
5BC,53,Inc. Dec. Term rider
5BD,53,Inc. Dec. Term rider
5BE,53,Inc. Dec. Term rider
5BF,53,Inc. Dec. Term rider
5BG,53,Inc. Dec. Term rider
5BH,53,Inc. Dec. Term rider
5BJ,53,Inc. Dec. Term rider
5BK,53,Inc. Dec. Term rider
5BL,53,Inc. Dec. Term rider
5BM,53,Inc. Dec. Term rider
5BN,53,Inc. Dec. Term rider
5BP,53,Inc. Dec. Term rider
5BQ,53,Inc. Dec. Term rider
5BR,53,Inc. Dec. Term rider
5BS,53,Inc. Dec. Term rider
5BT,53,Inc. Dec. Term rider
5BU,53,Inc. Dec. Term rider
5BV,53,Inc. Dec. Term rider
5BW,53,Inc. Dec. Term rider
5BX,53,Inc. Dec. Term rider
5BY,53,Inc. Dec. Term rider
5BZ,57,M.I.P rider
5C0,60,Accidental Death
5C1,60,Accidental Death
5C2,61,Accident Rider
5C3,52,Inc. Term rider
5C4,52,Inc. Term rider
5C5,52,Inc. Term rider
5C6,53,Inc. Dec. Term rider
5C7,50,Term rider
5C8,50,Term rider
5C9,50,Term rider
5CA,57,M.I.P rider
5CB,50,Term rider
5CC,50,Term rider
5CD,50,Term rider
5CE,50,Term rider
5CF,52,Inc. Term rider
5CG,52,Inc. Term rider
5CH,52,Inc. Term rider
5CJ,52,Inc. Term rider
5CK,55,Endowment rider
5CL,50,Term rider
5CM,53,Inc. Dec. Term rider
5CN,53,Inc. Dec. Term rider
5CP,57,M.I.P rider
5CQ,57,M.I.P rider
5CR,57,M.I.P rider
5CS,57,M.I.P rider
5CT,57,M.I.P rider
5CU,57,M.I.P rider
5CV,57,M.I.P rider
5CW,57,M.I.P rider
5CX,51,Price Index rider
5CY,60,Accidental Death
5CZ,60,Accidental Death
5D0,50,Term rider
5D1,50,Term rider
5D2,50,Term rider
5D3,51,Price Index rider
5D4,55,Endowment rider
5D5,60,Accidental Death
5D6,60,Accidental Death
5D7,60,Accidental Death
5D8,60,Accidental Death
5D9,57,M.I.P rider
5DA,50,Term rider
5DB,50,Term rider
5DC,50,Term rider
5DD,57,M.I.P rider
5DE,57,M.I.P rider
5DF,57,M.I.P rider
5DG,57,M.I.P rider
5DH,57,M.I.P rider
5DJ,57,M.I.P rider
5DK,57,M.I.P rider
5DL,57,M.I.P rider
5DM,50,Term rider
5DN,50,Term rider
5DP,57,M.I.P rider
5DQ,57,M.I.P rider
5DR,57,M.I.P rider
5DS,57,M.I.P rider
5DT,57,M.I.P rider
5DU,57,M.I.P rider
5DV,57,M.I.P rider
5DW,57,M.I.P rider
5DX,50,Term rider
5DY,50,Term rider
5DZ,50,Term rider
5EA,57,M.I.P rider
5EB,50,Term rider
5EC,50,Term rider
5ED,57,M.I.P rider
5EE,57,M.I.P rider
5EF,57,M.I.P rider
5EG,57,M.I.P rider
5EH,57,M.I.P rider
5EJ,57,M.I.P rider
5EK,57,M.I.P rider
600,60,Accidental Death
601,60,Accidental Death
603,60,Accidental Death
604,60,Accidental Death
605,60,Accidental Death
606,60,Accidental Death
610,60,Accidental Death
611,60,Accidental Death
612,60,Accidental Death
613,60,Accidental Death
620,60,Accidental Death
621,60,Accidental Death
622,60,Accidental Death
623,60,Accidental Death
700,70,Acc. Hospital
701,70,Acc. Hospital
702,70,Acc. Hospital
703,70,Acc. Hospital
704,70,Acc. Hospital
705,70,Acc. Hospital
706,70,Acc. Hospital
707,70,Acc. Hospital
710,75,Sickness Hospital
711,75,Sickness Hospital
712,75,Sickness Hospital
713,75,Sickness Hospital
721,80,Adult Disease Hospital
722,80,Adult Disease Hospital
723,80,Adult Disease Hospital
724,80,Adult Disease Hospital
725,80,Adult Disease Hospital
731,70,Acc. Hospital
732,70,Acc. Hospital
733,70,Acc. Hospital
735,70,Acc. Hospital
736,70,Acc. Hospital
737,70,Acc. Hospital
738,70,Acc. Hospital
739,70,Acc. Hospital
741,75,Sickness Hospital
742,75,Sickness Hospital
743,75,Sickness Hospital
744,75,Sickness Hospital
745,75,Sickness Hospital
751,80,Adult Disease Hospital
752,80,Adult Disease Hospital
753,80,Adult Disease Hospital
761,85,Medical Operation
762,85,Medical Operation
763,85,Medical Operation
764,85,Medical Operation
765,85,Medical Operation
766,85,Medical Operation
770,70,Acc. Hospital
771,70,Acc. Hospital
772,70,Acc. Hospital
773,70,Acc. Hospital
774,75,Sickness Hospital
775,75,Sickness Hospital
776,75,Sickness Hospital
777,75,Sickness Hospital
778,80,Adult Disease Hospital
779,80,Adult Disease Hospital
780,78,Cancer Dia
781,84,Medical Operation(Solatium)
782,84,Medical Operation(Solatium)
783,84,Medical Operation(Solatium)
784,84,Medical Operation(Solatium)
785,84,Medical Operation(Solatium)
786,84,Medical Operation(Solatium)
787,80,Adult Disease Hospital
788,80,Adult Disease Hospital
789,80,Adult Disease Hospital
790,80,Adult Disease Hospital
791,80,Adult Disease Hospital
792,80,Adult Disease Hospital
793,80,Adult Disease Hospital
794,80,Adult Disease Hospital
795,97,Female Operation
796,97,Female Operation
797,97,Female Operation
798,97,Female Operation
799,97,Female Operation
7A0,70,Acc. Hospital
7A1,70,Acc. Hospital
7A2,70,Acc. Hospital
7A3,75,Sickness Hospital
7A4,75,Sickness Hospital
7A5,75,Sickness Hospital
7A6,75,Sickness Hospital
7A7,75,Sickness Hospital
7A8,75,Sickness Hospital
7A9,75,Sickness Hospital
7AA,70,Acc. Hospital
7AB,70,Acc. Hospital
7AC,75,Sickness Hospital
7AD,75,Sickness Hospital
7AE,80,Adult Disease Hospital
7AF,85,Medical Operation
7AG,75,Sickness Hospital
7AH,75,Sickness Hospital
7AJ,75,Sickness Hospital
7AK,80,Adult Disease Hospital
7AL,85,Medical Operation
7AM,85,Medical Operation
7AN,86,Family Medical
7AP,86,Family Medical
7AQ,86,Family Medical
7AR,86,Family Medical
7AS,70,Acc. Hospital
7AT,70,Acc. Hospital
7AU,70,Acc. Hospital
7AV,70,Acc. Hospital
7AW,70,Acc. Hospital
7AX,70,Acc. Hospital
7AY,70,Acc. Hospital
7AZ,70,Acc. Hospital
7B0,86,Family Medical
7B1,86,Family Medical
7B2,86,Family Medical
7B3,86,Family Medical
7B4,86,Family Medical
7B5,86,Family Medical
7B6,86,Family Medical
7B7,86,Family Medical
7B8,86,Family Medical
7B9,86,Family Medical
7BA,75,Sickness Hospital
7BB,80,Adult Disease Hospital
7BC,80,Adult Disease Hospital
7BD,80,Adult Disease Hospital
7BE,80,Adult Disease Hospital
7BF,97,Female Operation
7BG,97,Female Operation
7BH,97,Female Operation
7BJ,97,Female Operation
7BK,98,Acc.Outpatient
7BL,98,Acc.Outpatient
7BM,99,Outpatient
7BN,99,Outpatient
7BP,99,Outpatient
7BQ,86,Family Medical
7BR,86,Family Medical
7BS,86,Family Medical
7BT,86,Family Medical
7BU,86,Family Medical
7BV,86,Family Medical
7BW,86,Family Medical
7BX,86,Family Medical
7BY,86,Family Medical
7BZ,86,Family Medical
7C0,70,Acc. Hospital
7C1,85,Medical Operation
7C2,80,Adult Disease Hospital
7C3,80,Adult Disease Hospital
7C4,80,Adult Disease Hospital
7C5,80,Adult Disease Hospital
7C6,80,Adult Disease Hospital
7C7,80,Adult Disease Hospital
7C8,80,Adult Disease Hospital
7C9,80,Adult Disease Hospital
7CA,86,Family Medical
7CB,86,Family Medical
7CC,86,Family Medical
7CD,86,Family Medical
7CE,99,Outpatient
7CF,70,Acc. Hospital
7CG,70,Acc. Hospital
7CH,70,Acc. Hospital
7CJ,70,Acc. Hospital
7CK,70,Acc. Hospital
7CL,70,Acc. Hospital
7CM,70,Acc. Hospital
7CN,70,Acc. Hospital
7CP,70,Acc. Hospital
7CQ,70,Acc. Hospital
7CR,70,Acc. Hospital
7CS,70,Acc. Hospital
7CT,70,Acc. Hospital
7CU,70,Acc. Hospital
7CV,70,Acc. Hospital
7CW,70,Acc. Hospital
7CX,70,Acc. Hospital
7CY,70,Acc. Hospital
7CZ,70,Acc. Hospital
7D0,99,Outpatient
7D1,99,Outpatient
7D2,99,Outpatient
7D3,99,Outpatient
7D4,99,Outpatient
7D5,87,Cancer Hospital
7D6,87,Cancer Hospital
7D7,87,Cancer Hospital
7D8,87,Cancer Hospital
7D9,87,Cancer Hospital
7DA,80,Adult Disease Hospital
7DB,87,Cancer Hospital
7DC,87,Cancer Hospital
7DD,87,Cancer Hospital
7DE,87,Cancer Hospital
7DF,87,Cancer Hospital
7DG,87,Cancer Hospital
7DH,87,Cancer Hospital
7DJ,87,Cancer Hospital
7DK,87,Cancer Hospital
7DL,87,Cancer Hospital
7DM,87,Cancer Hospital
7DN,97,Female Operation
7DP,97,Female Operation
7DQ,97,Female Operation
7DR,97,Female Operation
7DS,97,Female Operation
7DT,97,Female Operation
7DU,97,Female Operation
7DV,97,Female Operation
7DW,97,Female Operation
7DX,97,Female Operation
7DY,97,Female Operation
7DZ,99,Outpatient
7E0,86,Family Medical
7E1,86,Family Medical
7E2,86,Family Medical
7E3,86,Family Medical
7E4,86,Family Medical
7E5,86,Family Medical
7E6,86,Family Medical
7E7,86,Family Medical
7E8,86,Family Medical
7E9,86,Family Medical
7EA,87,Cancer Hospital
7EB,87,Cancer Hospital
7EC,87,Cancer Hospital
7ED,87,Cancer Hospital
7EE,87,Cancer Hospital
7EF,87,Cancer Hospital
7EG,87,Cancer Hospital
7EH,99,Outpatient
7EJ,99,Outpatient
7EK,99,Outpatient
7EL,99,Outpatient
7EM,99,Outpatient
7EN,99,Outpatient
7EP,99,Outpatient
7EQ,99,Outpatient
7ER,86,Family Medical
7ES,86,Family Medical
7ET,86,Family Medical
7EU,86,Family Medical
7EV,86,Family Medical
7EW,86,Family Medical
7EX,86,Family Medical
7EY,86,Family Medical
7EZ,86,Family Medical
7F0,86,Family Medical
7F1,86,Family Medical
7F2,86,Family Medical
7F3,86,Family Medical
7F4,86,Family Medical
7F5,70,Acc. Hospital
7F6,70,Acc. Hospital
7F7,70,Acc. Hospital
7F8,70,Acc. Hospital
7F9,70,Acc. Hospital
7FA,86,Family Medical
7FB,86,Family Medical
7FC,86,Family Medical
7FD,86,Family Medical
7FE,86,Family Medical
7FF,86,Family Medical
7FG,86,Family Medical
7FH,86,Family Medical
7FJ,86,Family Medical
7FK,86,Family Medical
7FL,86,Family Medical
7FM,86,Family Medical
7FN,86,Family Medical
7FP,86,Family Medical
7FQ,86,Family Medical
7FR,86,Family Medical
7FS,86,Family Medical
7FT,86,Family Medical
7FU,86,Family Medical
7FV,86,Family Medical
7FW,86,Family Medical
7FX,86,Family Medical
7FY,86,Family Medical
7FZ,86,Family Medical
7G0,99,Outpatient
7G1,99,Outpatient
7G2,99,Outpatient
7G3,99,Outpatient
7G4,99,Outpatient
7G5,99,Outpatient
7G6,86,Family Medical
7G7,86,Family Medical
7G8,86,Family Medical
7G9,86,Family Medical
7GA,70,Acc. Hospital
7GB,70,Acc. Hospital
7GC,70,Acc. Hospital
7GD,70,Acc. Hospital
7GE,70,Acc. Hospital
7GF,70,Acc. Hospital
7GG,70,Acc. Hospital
7GH,70,Acc. Hospital
7GJ,70,Acc. Hospital
7GK,70,Acc. Hospital
7GL,70,Acc. Hospital
7GM,70,Acc. Hospital
7GN,70,Acc. Hospital
7GP,70,Acc. Hospital
7GQ,70,Acc. Hospital
7GR,70,Acc. Hospital
7GS,85,Medical Operation
7GT,85,Medical Operation
7GU,99,Outpatient
7GV,99,Outpatient
7GW,99,Outpatient
7GX,99,Outpatient
7GY,99,Outpatient
7GZ,99,Outpatient
7H0,99,Outpatient
7H1,99,Outpatient
7H2,99,Outpatient
7H3,99,Outpatient
7H4,86,Family Medical
7H5,86,Family Medical
7H6,86,Family Medical
7H7,86,Family Medical
7H8,70,Acc. Hospital
7H9,70,Acc. Hospital
7HA,86,Family Medical
7HB,86,Family Medical
7HC,86,Family Medical
7HD,86,Family Medical
7HE,86,Family Medical
7HF,86,Family Medical
7HG,86,Family Medical
7HH,86,Family Medical
7HJ,86,Family Medical
7HK,86,Family Medical
7HL,86,Family Medical
7HM,86,Family Medical
7HN,86,Family Medical
7HP,86,Family Medical
7HQ,86,Family Medical
7HR,86,Family Medical
7HS,86,Family Medical
7HT,86,Family Medical
7HU,86,Family Medical
7HV,86,Family Medical
7HW,99,Outpatient
7HX,99,Outpatient
7HY,99,Outpatient
7HZ,99,Outpatient
7J0,80,Adult Disease Hospital
7J1,70,Acc. Hospital
7J2,70,Acc. Hospital
7J3,70,Acc. Hospital
7J4,70,Acc. Hospital
7J5,70,Acc. Hospital
7J6,75,Sickness Hospital
7J7,75,Sickness Hospital
7J8,97,Female Operation
7J9,97,Female Operation
7JA,70,Acc. Hospital
7JB,70,Acc. Hospital
7JC,70,Acc. Hospital
7JD,85,Medical Operation
7JE,99,Outpatient
7JF,99,Outpatient
7JG,70,Acc. Hospital
7JH,70,Acc. Hospital
7JJ,70,Acc. Hospital
7JK,70,Acc. Hospital
7JL,85,Medical Operation
7JM,85,Medical Operation
7JN,99,Outpatient
7JP,99,Outpatient
7JQ,99,Outpatient
7JR,99,Outpatient
7JS,70,Acc. Hospital
7JT,70,Acc. Hospital
7JU,75,Sickness Hospital
7JV,75,Sickness Hospital
7JW,80,Adult Disease Hospital
7JX,75,Sickness Hospital
7JY,75,Sickness Hospital
7JZ,75,Sickness Hospital
7K0,88,Family Cancer
7K1,88,Family Cancer
7K2,88,Family Cancer
7K3,88,Family Cancer
7K4,88,Family Cancer
7K5,88,Family Cancer
7K6,88,Family Cancer
7K7,88,Family Cancer
7K8,88,Family Cancer
7K9,86,Family Medical
7KA,97,Female Operation
7KB,97,Female Operation
7KC,98,Acc.Outpatient
7KD,98,Acc.Outpatient
7KE,80,Adult Disease Hospital
7KF,80,Adult Disease Hospital
7KG,85,Medical Operation
7KH,85,Medical Operation
7KJ,85,Medical Operation
7KK,85,Medical Operation
7KL,78,Cancer Dia
7KM,99,Outpatient
7KN,99,Outpatient
7KP,99,Outpatient
7KQ,99,Outpatient
7KR,88,Family Cancer
7KS,88,Family Cancer
7KT,88,Family Cancer
7KU,88,Family Cancer
7KV,88,Family Cancer
7KW,88,Family Cancer
7KX,88,Family Cancer
7KY,88,Family Cancer
7KZ,88,Family Cancer
7L0,86,Family Medical
7L1,86,Family Medical
7L2,80,Adult Disease Hospital
7L3,86,Family Medical
7L4,86,Family Medical
7L5,87,Cancer Hospital
7L6,80,Adult Disease Hospital
7L7,70,Acc. Hospital
7L8,86,Family Medical
7L9,70,Acc. Hospital
7LA,86,Family Medical
7LB,86,Family Medical
7LC,86,Family Medical
7LD,86,Family Medical
7LE,86,Family Medical
7LF,86,Family Medical
7LG,86,Family Medical
7LH,86,Family Medical
7LJ,70,Acc. Hospital
7LK,97,Female Operation
7LL,99,Outpatient
7LM,91,Discharge Hospital
7LN,92,Medical(01)Specific damage rider 10
7LP,86,Family Medical
7LQ,70,Acc. Hospital
7LR,99,Outpatient
7LS,91,Discharge Hospital
7LT,99,Outpatient
7LU,99,Outpatient
7LV,71,Beginning Hospital
7LW,71,Beginning Hospital
7LX,80,Adult Disease Hospital
7LY,86,Family Medical
7LZ,86,Family Medical
7M0,70,Acc. Hospital
7M1,70,Acc. Hospital
7M2,70,Acc. Hospital
7M3,70,Acc. Hospital
7M4,70,Acc. Hospital
7M5,70,Acc. Hospital
7M6,70,Acc. Hospital
7M7,70,Acc. Hospital
7M8,70,Acc. Hospital
7M9,70,Acc. Hospital
7MA,99,Outpatient
7MB,70,Acc. Hospital
7MC,84,Medical Operation(Solatium)
7MD,84,Medical Operation(Solatium)
7MＥ,84,Medical Operation(Solatium)
7MF,70,Acc. Hospital
7MG,70,Acc. Hospital
7MH,70,Acc. Hospital
7MJ,70,Acc. Hospital
7MK,70,Acc. Hospital
7ML,70,Acc. Hospital
7MM,70,Acc. Hospital
7MN,70,Acc. Hospital
7MP,70,Acc. Hospital
7MQ,70,Acc. Hospital
7MR,70,Acc. Hospital
7MS,70,Acc. Hospital
7MT,70,Acc. Hospital
7MU,70,Acc. Hospital
7MV,70,Acc. Hospital
7MW,70,Acc. Hospital
7MX,70,Acc. Hospital
7MY,70,Acc. Hospital
7MZ,70,Acc. Hospital
7N0,70,Acc. Hospital
7N1,70,Acc. Hospital
7N2,70,Acc. Hospital
7N3,70,Acc. Hospital
7N4,70,Acc. Hospital
7N5,70,Acc. Hospital
7N6,70,Acc. Hospital
7N7,70,Acc. Hospital
7N8,70,Acc. Hospital
7N9,71,Beginning Hospital
7NA,70,Acc. Hospital
7NB,70,Acc. Hospital
7NC,70,Acc. Hospital
7ND,70,Acc. Hospital
7NE,70,Acc. Hospital
7NF,70,Acc. Hospital
7NG,70,Acc. Hospital
7NH,70,Acc. Hospital
7NJ,70,Acc. Hospital
7NK,70,Acc. Hospital
7NL,70,Acc. Hospital
7NM,70,Acc. Hospital
7NN,70,Acc. Hospital
7NP,70,Acc. Hospital
7NQ,70,Acc. Hospital
7NR,70,Acc. Hospital
7NS,70,Acc. Hospital
7NT,70,Acc. Hospital
7NU,70,Acc. Hospital
7NV,70,Acc. Hospital
7NW,70,Acc. Hospital
7NX,70,Acc. Hospital
7NY,70,Acc. Hospital
7NZ,70,Acc. Hospital
7P0,80,Adult Disease Hospital
7P1,84,Medical Operation(Solatium)
7P2,84,Medical Operation(Solatium)
7P3,84,Medical Operation(Solatium)
7P4,85,Medical Operation
7P5,85,Medical Operation
7P6,85,Medical Operation
7P7,85,Medical Operation
7P8,85,Medical Operation
7P9,85,Medical Operation
7PA,71,Beginning Hospital
7PB,75,Sickness Hospital
7PC,75,Sickness Hospital
7PD,75,Sickness Hospital
7PE,75,Sickness Hospital
7PF,75,Sickness Hospital
7PG,75,Sickness Hospital
7PH,75,Sickness Hospital
7PJ,78,Cancer Dia
7PK,80,Adult Disease Hospital
7PL,80,Adult Disease Hospital
7PM,80,Adult Disease Hospital
7PN,80,Adult Disease Hospital
7PP,80,Adult Disease Hospital
7PQ,80,Adult Disease Hospital
7PR,80,Adult Disease Hospital
7PS,80,Adult Disease Hospital
7PT,80,Adult Disease Hospital
7PU,80,Adult Disease Hospital
7PV,80,Adult Disease Hospital
7PW,80,Adult Disease Hospital
7PX,80,Adult Disease Hospital
7PY,80,Adult Disease Hospital
7PZ,80,Adult Disease Hospital
7Q0,86,Family Medical
7Q1,86,Family Medical
7Q2,86,Family Medical
7Q3,86,Family Medical
7Q4,86,Family Medical
7Q5,86,Family Medical
7Q6,86,Family Medical
7Q7,86,Family Medical
7Q8,86,Family Medical
7Q9,86,Family Medical
7QA,85,Medical Operation
7QB,85,Medical Operation
7QC,85,Medical Operation
7QD,85,Medical Operation
7QE,86,Family Medical
7QF,86,Family Medical
7QG,86,Family Medical
7QH,86,Family Medical
7QJ,86,Family Medical
7QK,86,Family Medical
7QL,86,Family Medical
7QM,86,Family Medical
7QN,86,Family Medical
7QP,86,Family Medical
7QQ,86,Family Medical
7QR,86,Family Medical
7QS,86,Family Medical
7QT,86,Family Medical
7QU,86,Family Medical
7QV,86,Family Medical
7QW,86,Family Medical
7QX,86,Family Medical
7QY,86,Family Medical
7QZ,86,Family Medical
7R0,86,Family Medical
7R1,86,Family Medical
7R2,86,Family Medical
7R3,86,Family Medical
7R4,86,Family Medical
7R5,86,Family Medical
7R6,86,Family Medical
7R7,86,Family Medical
7R8,86,Family Medical
7R9,86,Family Medical
7RA,86,Family Medical
7RB,86,Family Medical
7RC,86,Family Medical
7RD,86,Family Medical
7RE,86,Family Medical
7RF,86,Family Medical
7RG,86,Family Medical
7RH,86,Family Medical
7RJ,86,Family Medical
7RK,86,Family Medical
7RL,86,Family Medical
7RM,86,Family Medical
7RN,86,Family Medical
7RP,86,Family Medical
7RQ,86,Family Medical
7RR,86,Family Medical
7RS,86,Family Medical
7RT,86,Family Medical
7RU,86,Family Medical
7RV,86,Family Medical
7RW,86,Family Medical
7RX,86,Family Medical
7RY,86,Family Medical
7RZ,86,Family Medical
7S0,86,Family Medical
7S1,86,Family Medical
7S2,86,Family Medical
7S3,86,Family Medical
7S4,87,Cancer Hospital
7S5,87,Cancer Hospital
7S6,87,Cancer Hospital
7S7,87,Cancer Hospital
7S8,87,Cancer Hospital
7S9,87,Cancer Hospital
7SA,86,Family Medical
7SB,86,Family Medical
7SC,86,Family Medical
7SD,86,Family Medical
7SE,86,Family Medical
7SF,86,Family Medical
7SG,86,Family Medical
7SH,86,Family Medical
7SJ,86,Family Medical
7SK,86,Family Medical
7SL,86,Family Medical
7SM,86,Family Medical
7SN,86,Family Medical
7SP,86,Family Medical
7SQ,86,Family Medical
7SR,86,Family Medical
7SS,86,Family Medical
7ST,86,Family Medical
7SU,86,Family Medical
7SV,86,Family Medical
7SW,86,Family Medical
7SX,86,Family Medical
7SY,86,Family Medical
7SZ,86,Family Medical
7T0,88,Family Cancer
7T1,88,Family Cancer
7T2,88,Family Cancer
7T3,88,Family Cancer
7T4,88,Family Cancer
7T5,88,Family Cancer
7T6,88,Family Cancer
7T7,88,Family Cancer
7T8,88,Family Cancer
7T9,88,Family Cancer
7TA,87,Cancer Hospital
7TB,87,Cancer Hospital
7TC,87,Cancer Hospital
7TD,87,Cancer Hospital
7TE,87,Cancer Hospital
7TF,87,Cancer Hospital
7TG,87,Cancer Hospital
7TH,87,Cancer Hospital
7TJ,87,Cancer Hospital
7TK,87,Cancer Hospital
7TL,87,Cancer Hospital
7TM,87,Cancer Hospital
7TN,87,Cancer Hospital
7TP,87,Cancer Hospital
7TQ,87,Cancer Hospital
7TR,87,Cancer Hospital
7TS,87,Cancer Hospital
7TT,87,Cancer Hospital
7TU,88,Family Cancer
7TV,88,Family Cancer
7TW,88,Family Cancer
7TX,88,Family Cancer
7TY,88,Family Cancer
7TZ,88,Family Cancer
7U0,99,Outpatient
7U1,99,Outpatient
7U2,99,Outpatient
7U3,99,Outpatient
7U4,99,Outpatient
7U5,99,Outpatient
7U6,99,Outpatient
7U7,99,Outpatient
7U8,99,Outpatient
7U9,99,Outpatient
7UA,88,Family Cancer
7UB,88,Family Cancer
7UC,91,Discharge Hospital
7UD,91,Discharge Hospital
7UE,92,Medical(01)Specific damage rider 10
7UF,97,Female Operation
7UG,97,Female Operation
7UH,97,Female Operation
7UJ,97,Female Operation
7UK,97,Female Operation
7UL,97,Female Operation
7UM,97,Female Operation
7UN,97,Female Operation
7UP,97,Female Operation
7UQ,97,Female Operation
7UR,97,Female Operation
7US,97,Female Operation
7UT,97,Female Operation
7UU,97,Female Operation
7UV,97,Female Operation
7UW,97,Female Operation
7UX,98,Acc.Outpatient
7UY,98,Acc.Outpatient
7UZ,99,Outpatient
7V0,99,Outpatient
7V1,99,Outpatient
7V2,99,Outpatient
7V3,99,Outpatient
7V4,99,Outpatient
7V5,99,Outpatient
7V6,99,Outpatient
7V7,99,Outpatient
7V8,99,Outpatient
7V9,99,Outpatient
7VA,99,Outpatient
7VB,99,Outpatient
7VC,99,Outpatient
7VD,99,Outpatient
7VE,99,Outpatient
7VF,99,Outpatient
7VG,99,Outpatient
7VH,99,Outpatient
7VJ,99,Outpatient
7VK,99,Outpatient
7VL,99,Outpatient
7VM,99,Outpatient
7VN,99,Outpatient
7VP,99,Outpatient
7VQ,99,Outpatient
7VR,99,Outpatient
7VS,99,Outpatient
7VT,99,Outpatient
7VU,99,Outpatient
7VV,99,Outpatient
7VW,99,Outpatient
7VX,99,Outpatient
7VY,99,Outpatient
7VZ,99,Outpatient
7WA,99,Outpatient
7WB,99,Outpatient
7WC,99,Outpatient
7WD,99,Outpatient
7WE,84,Medical Operation(Solatium)
7WF,84,Medical Operation(Solatium)
7WG,84,Medical Operation(Solatium)
7WH,84,Medical Operation(Solatium)
7WJ,84,Medical Operation(Solatium)
7WK,84,Medical Operation(Solatium)
7WL,84,Medical Operation(Solatium)
7WM,84,Medical Operation(Solatium)
7WN,84,Medical Operation(Solatium)
7WP,84,Medical Operation(Solatium)
7WQ,84,Medical Operation(Solatium)
7WR,84,Medical Operation(Solatium)
7WT,84,Medical Operation(Solatium)
7WU,87,Cancer Hospital
7WV,87,Cancer Hospital
7WW,87,Cancer Hospital
7WX,87,Cancer Hospital
7WY,87,Cancer Hospital
7WZ,87,Cancer Hospital
7W0,87,Cancer Hospital
7W1,80,Adult Disease Hospital
7W2,80,Adult Disease Hospital
7W3,97,Female Operation
7W4,97,Female Operation
7W5,97,Female Operation
7W6,97,Female Operation
7W7,97,Female Operation
7W8,97,Female Operation
7W9,97,Female Operation
7XA,93,Advanced Medical
7XB,93,Advanced Medical
7XC,91,Discharge Hospital
7XD,91,Discharge Hospital
7XE,80,Adult Disease Hospital
7XF,80,Adult Disease Hospital
7XG,80,Adult Disease Hospital
7XH,80,Adult Disease Hospital
7XJ,80,Adult Disease Hospital
7XK,80,Adult Disease Hospital
7XL,86,Family Medical
7XM,86,Family Medical
7XN,86,Family Medical
7XP,86,Family Medical
7XQ,87,Cancer Hospital
7XR,87,Cancer Hospital
7XS,87,Cancer Hospital
7XT,87,Cancer Hospital
7XU,87,Cancer Hospital
7XV,87,Cancer Hospital
7XW,80,Adult Disease Hospital
7XX,80,Adult Disease Hospital
7XY,97,Female Operation
7XZ,97,Female Operation
7X0,97,Female Operation
7X1,97,Female Operation
7X2,97,Female Operation
7X3,97,Female Operation
7X4,93,Advanced Medical
7X5,93,Advanced Medical
7X6,91,Discharge Hospital
7X7,91,Discharge Hospital
7X8,80,Adult Disease Hospital
7X9,80,Adult Disease Hospital
7YA,80,Adult Disease Hospital
7YB,80,Adult Disease Hospital
7YC,80,Adult Disease Hospital
7YD,80,Adult Disease Hospital
7YE,70,Acc. Hospital
7YF,70,Acc. Hospital
7YG,70,Acc. Hospital
7YH,70,Acc. Hospital
7YJ,70,Acc. Hospital
7YK,70,Acc. Hospital
7YL,70,Acc. Hospital
7YM,70,Acc. Hospital
7YN,70,Acc. Hospital
7YP,70,Acc. Hospital
7YQ,70,Acc. Hospital
7YR,70,Acc. Hospital
7YS,70,Acc. Hospital
7YT,70,Acc. Hospital
7YU,70,Acc. Hospital
7YV,70,Acc. Hospital
7YW,70,Acc. Hospital
7YX,70,Acc. Hospital
7YY,70,Acc. Hospital
7YZ,70,Acc. Hospital
7Y0,70,Acc. Hospital
7Y1,70,Acc. Hospital
7Y2,70,Acc. Hospital
7Y3,70,Acc. Hospital
7Y4,70,Acc. Hospital
7Y5,70,Acc. Hospital
7Y6,70,Acc. Hospital
7Y7,70,Acc. Hospital
7Y8,70,Acc. Hospital
7Y9,70,Acc. Hospital
7ZA,70,Acc. Hospital
7ZB,70,Acc. Hospital
7ZC,70,Acc. Hospital
7ZD,70,Acc. Hospital
7ZE,70,Acc. Hospital
7ZF,70,Acc. Hospital
7ZG,70,Acc. Hospital
7ZH,70,Acc. Hospital
7ZJ,70,Acc. Hospital
7ZK,70,Acc. Hospital
7ZL,70,Acc. Hospital
7ZM,70,Acc. Hospital
7ZN,70,Acc. Hospital
7ZP,70,Acc. Hospital
7ZQ,70,Acc. Hospital
7ZR,70,Acc. Hospital
7ZS,70,Acc. Hospital
7ZT,70,Acc. Hospital
7ZU,70,Acc. Hospital
7ZV,70,Acc. Hospital
7ZW,70,Acc. Hospital
7ZX,70,Acc. Hospital
7ZY,70,Acc. Hospital
7ZZ,70,Acc. Hospital
7Z0,85,Medical Operation
7Z1,85,Medical Operation
7Z2,85,Medical Operation
7Z3,85,Medical Operation
7Z4,85,Medical Operation
7Z5,85,Medical Operation
7Z6,91,Discharge Hospital
7Z7,91,Discharge Hospital
7Z8,80,Adult Disease Hospital
7Z9,80,Adult Disease Hospital
800,70,Acc. Hospital
801,70,Acc. Hospital
803,70,Acc. Hospital
804,70,Acc. Hospital
805,70,Acc. Hospital
806,70,Acc. Hospital
807,70,Acc. Hospital
808,70,Acc. Hospital
810,75,Sickness Hospital
811,75,Sickness Hospital
813,75,Sickness Hospital
814,75,Sickness Hospital
815,75,Sickness Hospital
816,75,Sickness Hospital
817,75,Sickness Hospital
818,75,Sickness Hospital
821,80,Adult Disease Hospital
822,80,Adult Disease Hospital
833,70,Acc. Hospital
834,70,Acc. Hospital
835,70,Acc. Hospital
836,70,Acc. Hospital
837,70,Acc. Hospital
838,70,Acc. Hospital
840,75,Sickness Hospital
841,75,Sickness Hospital
842,75,Sickness Hospital
843,75,Sickness Hospital
844,75,Sickness Hospital
845,75,Sickness Hospital
846,75,Sickness Hospital
847,75,Sickness Hospital
848,75,Sickness Hospital
851,80,Adult Disease Hospital
852,80,Adult Disease Hospital
853,80,Adult Disease Hospital
854,85,Medical Operation
855,85,Medical Operation
856,86,Family Medical
857,86,Family Medical
858,86,Family Medical
859,86,Family Medical
861,85,Medical Operation
862,85,Medical Operation
865,86,Family Medical
866,86,Family Medical
867,86,Family Medical
868,86,Family Medical
870,70,Acc. Hospital
871,70,Acc. Hospital
873,70,Acc. Hospital
874,70,Acc. Hospital
875,70,Acc. Hospital
876,70,Acc. Hospital
877,70,Acc. Hospital
878,70,Acc. Hospital
880,70,Acc. Hospital
881,70,Acc. Hospital
882,70,Acc. Hospital
883,70,Acc. Hospital
884,70,Acc. Hospital
885,70,Acc. Hospital
886,70,Acc. Hospital
887,70,Acc. Hospital
888,70,Acc. Hospital
890,70,Acc. Hospital
891,70,Acc. Hospital
892,70,Acc. Hospital
893,70,Acc. Hospital
894,70,Acc. Hospital
895,70,Acc. Hospital
896,70,Acc. Hospital
897,70,Acc. Hospital
8AA,97,Female Operation
8AB,97,Female Operation
8AC,97,Female Operation
8AD,97,Female Operation
8AE,97,Female Operation
8AF,97,Female Operation
8AG,97,Female Operation
8AH,86,Family Medical
8AJ,86,Family Medical
8AK,86,Family Medical
8AL,86,Family Medical
8AM,86,Family Medical
8AN,86,Family Medical
8AP,86,Family Medical
8AQ,86,Family Medical
8AR,86,Family Medical
8AS,86,Family Medical
8AT,86,Family Medical
8AU,86,Family Medical
8AV,86,Family Medical
8AW,86,Family Medical
8AX,86,Family Medical
8AY,86,Family Medical
8AZ,86,Family Medical
8A0,86,Family Medical
8A1,86,Family Medical
8A2,86,Family Medical
8A3,86,Family Medical
8A4,86,Family Medical
8A5,86,Family Medical
8A6,86,Family Medical
8A7,86,Family Medical
8A8,86,Family Medical
8A9,86,Family Medical
8BA,86,Family Medical
8BB,86,Family Medical
8BC,86,Family Medical
8BD,86,Family Medical
8BE,86,Family Medical
8BF,86,Family Medical
8BG,86,Family Medical
8BH,86,Family Medical
8BJ,86,Family Medical
8BK,86,Family Medical
8BL,86,Family Medical
8BM,86,Family Medical
8BN,86,Family Medical
8BP,86,Family Medical
8BQ,86,Family Medical
8BR,86,Family Medical
8BS,86,Family Medical
8BT,86,Family Medical
8BU,86,Family Medical
8BV,86,Family Medical
8BW,86,Family Medical
8BX,86,Family Medical
8BY,86,Family Medical
8BZ,86,Family Medical
8B0,86,Family Medical
8B1,86,Family Medical
8B2,86,Family Medical
8B3,87,Cancer Hospital
8B4,87,Cancer Hospital
8B5,87,Cancer Hospital
8B6,87,Cancer Hospital
8B7,87,Cancer Hospital
8B8,87,Cancer Hospital
8B9,87,Cancer Hospital
8CA,87,Cancer Hospital
8CB,87,Cancer Hospital
8CC,87,Cancer Hospital
8CD,87,Cancer Hospital
8CE,87,Cancer Hospital
8CF,88,Family Cancer
8CG,88,Family Cancer
8CH,88,Family Cancer
8CJ,88,Family Cancer
8CK,88,Family Cancer
8CL,88,Family Cancer
8CM,88,Family Cancer
8CN,88,Family Cancer
8CP,88,Family Cancer
8CQ,88,Family Cancer
8CR,88,Family Cancer
8CS,88,Family Cancer
8CT,88,Family Cancer
8CU,88,Family Cancer
8CV,88,Family Cancer
8CW,88,Family Cancer
8CX,88,Family Cancer
8CY,88,Family Cancer
8CZ,97,Female Operation
8C0,97,Female Operation
8C1,97,Female Operation
8C2,87,Cancer Hospital
8C3,87,Cancer Hospital
8C4,87,Cancer Hospital
8C5,87,Cancer Hospital
8C6,87,Cancer Hospital
8C7,87,Cancer Hospital
8C8,87,Cancer Hospital
8C9,87,Cancer Hospital
8DA,87,Cancer Hospital
8DB,87,Cancer Hospital
8DC,87,Cancer Hospital
8DD,87,Cancer Hospital
8DE,87,Cancer Hospital
8DF,89,Cancer Death
8DG,93,Advanced Medical
8DH,97,Female Operation
8DJ,78,Cancer Dia
8DK,78,Cancer Dia
8DL,99,Outpatient
8DM,99,Outpatient
8DN,78,Cancer Dia
8DP,78,Cancer Dia
8DQ,99,Outpatient
8DR,99,Outpatient
8DS,84,Medical Operation(Solatium)
8DT,84,Medical Operation(Solatium)
8DU,84,Medical Operation(Solatium)
8DV,84,Medical Operation(Solatium)
8DW,87,Cancer Hospital
8DX,87,Cancer Hospital
8DY,87,Cancer Hospital
8DZ,87,Cancer Hospital
8D0,87,Cancer Hospital
8D1,87,Cancer Hospital
8D2,87,Cancer Hospital
8D3,78,Cancer Dia
8D4,78,Cancer Dia
8D5,99,Outpatient
8D6,99,Outpatient
8D7,80,Adult Disease Hospital
8D8,80,Adult Disease Hospital
8D9,97,Female Operation
8EA,97,Female Operation
8EB,97,Female Operation
8EC,97,Female Operation
8ED,97,Female Operation
8EE,97,Female Operation
8EF,97,Female Operation
8EG,93,Advanced Medical
8EH,93,Advanced Medical
8EJ,91,Discharge Hospital
8EK,91,Discharge Hospital
8EL,80,Adult Disease Hospital
8EM,80,Adult Disease Hospital
8EN,80,Adult Disease Hospital
8EP,80,Adult Disease Hospital
8EQ,80,Adult Disease Hospital
8ER,80,Adult Disease Hospital
8ES,80,Adult Disease Hospital
8ET,80,Adult Disease Hospital
8EU,80,Adult Disease Hospital
8EV,80,Adult Disease Hospital
8EW,80,Adult Disease Hospital
8EX,80,Adult Disease Hospital
8EY,80,Adult Disease Hospital
8EZ,80,Adult Disease Hospital
8E0,87,Cancer Hospital
8E1,87,Cancer Hospital
8E2,87,Cancer Hospital
8E3,87,Cancer Hospital
8E4,87,Cancer Hospital
8E5,87,Cancer Hospital
8E6,78,Cancer Dia
8E7,78,Cancer Dia
8E8,99,Outpatient
8E9,99,Outpatient
8FA,80,Adult Disease Hospital
8FB,80,Adult Disease Hospital
8FC,97,Female Operation
8FD,97,Female Operation
8FE,97,Female Operation
8FF,97,Female Operation
8FG,97,Female Operation
8FH,97,Female Operation
8FJ,93,Advanced Medical
8FK,93,Advanced Medical
8FL,91,Discharge Hospital
8FM,91,Discharge Hospital
8FN,80,Adult Disease Hospital
8FP,80,Adult Disease Hospital
8FQ,80,Adult Disease Hospital
8FR,80,Adult Disease Hospital
8FS,80,Adult Disease Hospital
8FT,80,Adult Disease Hospital
8FU,80,Adult Disease Hospital
8FV,80,Adult Disease Hospital
8FW,80,Adult Disease Hospital
8FX,80,Adult Disease Hospital
8FY,80,Adult Disease Hospital
8FZ,80,Adult Disease Hospital
8F0,80,Adult Disease Hospital
8F1,80,Adult Disease Hospital
8F2,93,Advanced Medical
8F3,93,Advanced Medical
8F4,80,Adult Disease Hospital
8F5,80,Adult Disease Hospital
8F6,94,Nursing care Allowance
8F7,94,Nursing care Allowance
8F8,94,Nursing care Allowance
8F9,94,Nursing care Allowance
8GA,80,Adult Disease Hospital
8GB,80,Adult Disease Hospital
8GC,80,Adult Disease Hospital
8GD,80,Adult Disease Hospital
8GE,99,Outpatient
8GF,99,Outpatient
8GG,99,Outpatient
8GH,99,Outpatient
901,90, Without an accident-premium refund rider
902,90, Without an accident-premium refund rider
903,90, Without an accident-premium refund rider
904,90, Without an accident-premium refund rider
905,90, Without an accident-premium refund rider
910,75,Sickness Hospital
911,75,Sickness Hospital
912,75,Sickness Hospital
913,75,Sickness Hospital
914,75,Sickness Hospital
915,75,Sickness Hospital
916,75,Sickness Hospital
917,75,Sickness Hospital
921,70,Acc. Hospital
922,70,Acc. Hospital
923,70,Acc. Hospital
924,70,Acc. Hospital
925,70,Acc. Hospital
926,70,Acc. Hospital
927,70,Acc. Hospital
928,70,Acc. Hospital
929,70,Acc. Hospital
930,70,Acc. Hospital
931,70,Acc. Hospital
932,70,Acc. Hospital
933,70,Acc. Hospital
934,70,Acc. Hospital
935,70,Acc. Hospital
936,70,Acc. Hospital
941,75,Sickness Hospital
942,75,Sickness Hospital
943,75,Sickness Hospital
944,75,Sickness Hospital
945,75,Sickness Hospital
946,75,Sickness Hospital
947,75,Sickness Hospital
948,75,Sickness Hospital
949,75,Sickness Hospital
950,75,Sickness Hospital
951,75,Sickness Hospital
952,75,Sickness Hospital
953,75,Sickness Hospital
954,75,Sickness Hospital
955,75,Sickness Hospital
956,75,Sickness Hospital
957,80,Adult Disease Hospital
958,80,Adult Disease Hospital
959,80,Adult Disease Hospital
960,80,Adult Disease Hospital
961,80,Adult Disease Hospital
962,80,Adult Disease Hospital
963,80,Adult Disease Hospital
964,80,Adult Disease Hospital
965,80,Adult Disease Hospital
966,80,Adult Disease Hospital
967,80,Adult Disease Hospital
968,80,Adult Disease Hospital
970,97,Female Operation
971,97,Female Operation
972,97,Female Operation
973,97,Female Operation
974,97,Female Operation
975,97,Female Operation
976,97,Female Operation
977,97,Female Operation
980,98,Acc.Outpatient
981,98,Acc.Outpatient
982,98,Acc.Outpatient
983,98,Acc.Outpatient
990,99,Outpatient
991,99,Outpatient
992,99,Outpatient
993,99,Outpatient
994,99,Outpatient
995,99,Outpatient
996,99,Outpatient
